buying,maint,doors,persons,lug_boot,safety,class
122489.76894188672,1220.3021411551165,2,2,FALSE,low,19
102665.7686510589,1002.949032583274,2,2,FALSE,med,11
104715.05101886578,1158.3204109338112,2,2,FALSE,high,25
108124.9960407149,1205.6394232204184,2,2,TRUE,low,21
109140.20053460264,1241.1967482184991,2,2,TRUE,med,24
116436.05576246046,1235.7688315096311,2,2,TRUE,high,23
117381.92352931948,1053.2358280033804,2,2,TRUE,low,21
122790.80516891554,1246.079153963365,2,2,TRUE,med,8
118427.86349589004,1124.4788261246867,2,2,TRUE,high,10
110109.19200489298,1210.4422664269805,2,4,FALSE,low,6
115073.4443217516,1034.5976780517958,2,4,FALSE,med,21
108413.3481781464,1096.245075634215,2,4,FALSE,high,15
105216.4770080708,1197.2810477018356,2,4,TRUE,low,18
122832.3979419656,1223.0331896571442,2,4,TRUE,med,1
124558.86984826066,1172.9308222420514,2,4,TRUE,high,10
102895.7009955775,1163.426014711149,2,4,TRUE,low,20
118854.91008870304,1059.6295207506046,2,4,TRUE,med,21
107752.52438616008,1204.988543118816,2,4,TRUE,high,14
112053.6012109369,1168.993190221954,2,more,FALSE,low,3
122968.36594468914,1234.8083184333518,2,more,FALSE,med,8
102745.86750892922,1180.1376633229663,2,more,FALSE,high,1
118104.02583214454,1004.7249577473848,2,more,TRUE,low,17
105055.25321350431,1020.7141364808194,2,more,TRUE,med,7
109168.1630408857,1027.2291341680102,2,more,TRUE,high,2
112129.21306141652,1145.5462450394407,2,more,TRUE,low,24
118351.86176467688,1081.195528851822,2,more,TRUE,med,20
102787.78475476427,1170.551222458016,2,more,TRUE,high,10
102500.69523463026,1216.4148876909169,3,2,FALSE,low,22
111477.29440708645,1018.1889978121036,3,2,FALSE,med,15
113529.2554856278,1000.9906459599732,3,2,FALSE,high,23
111579.54021473417,1195.3967353329062,3,2,TRUE,low,18
102494.2494055722,1087.467784411274,3,2,TRUE,med,2
114717.56259561516,1135.938029969111,3,2,TRUE,high,25
105848.50659943186,1149.753786274232,3,2,TRUE,low,12
104873.01704124548,1133.0807148478923,3,2,TRUE,med,11
124938.78443492576,1242.9460395360366,3,2,TRUE,high,17
119826.70400757344,1062.3521601082757,3,4,FALSE,low,14
100139.75987094454,1060.3948191856034,3,4,FALSE,med,8
120850.94932699576,1086.8056791368872,3,4,FALSE,high,12
116309.64361829685,1051.3522347901016,3,4,TRUE,low,3
108302.20721545628,1029.8564761760645,3,4,TRUE,med,14
103890.01303119583,1184.6586985629983,3,4,TRUE,high,22
100489.78293780236,1053.7986804847606,3,4,TRUE,low,18
124388.40381219052,1156.6092054126784,3,4,TRUE,med,13
119204.17100191116,1205.0222510588355,3,4,TRUE,high,13
112704.78195510805,1219.82115105493,3,more,FALSE,low,4
113098.13933912665,1196.155596524477,3,more,FALSE,med,1
120483.49349061029,1094.190894626081,3,more,FALSE,high,4
117075.24955854753,1110.2323006489314,3,more,TRUE,low,6
123111.35042691603,1211.540384509135,3,more,TRUE,med,6
101229.4222950004,1160.9927383833565,3,more,TRUE,high,10
109042.6299313549,1134.3843142967671,3,more,TRUE,low,7
112761.57895335928,1088.6621816898696,3,more,TRUE,med,3
111961.33102057502,1085.3200445999391,3,more,TRUE,high,15
123935.10072724894,1133.0378170241602,4,2,FALSE,low,23
122948.7787524704,1235.5754333548248,4,2,FALSE,med,19
124698.80924909376,1068.0863329325805,4,2,FALSE,high,14
106426.78869771773,1243.4244996402413,4,2,TRUE,low,4
118441.87991810033,1005.878970376216,4,2,TRUE,med,13
105505.33439964056,1069.5064849569462,4,2,TRUE,high,3
109156.50253882632,1075.4939678590745,4,2,TRUE,low,15
122921.73751629888,1247.0479514449837,4,2,TRUE,med,20
122052.08748928273,1077.5461601442655,4,2,TRUE,high,2
101457.36380945893,1227.908589935396,4,4,FALSE,low,1
124529.16784677656,1124.6537645929493,4,4,FALSE,med,15
107346.531416988,1208.6525641498156,4,4,FALSE,high,4
103694.9560395442,1167.596690065693,4,4,TRUE,low,4
122277.99113607034,1087.77293440653,4,4,TRUE,med,16
103217.0703751035,1082.0602084277198,4,4,TRUE,high,6
102475.81524890848,1170.855164004024,4,4,TRUE,low,18
112978.75305754133,1110.1188852917403,4,4,TRUE,med,25
107242.0876880642,1046.7208988266066,4,4,TRUE,high,21
116671.28400877118,1163.3440544246696,4,more,FALSE,low,6
107238.56717231683,1119.558046804741,4,more,FALSE,med,1
106423.08031092398,1209.0573644381948,4,more,FALSE,high,7
102036.70177143069,1149.3594794883393,4,more,TRUE,low,2
120553.19905630311,1170.6174127175473,4,more,TRUE,med,24
121648.75080343336,1058.3534584729932,4,more,TRUE,high,1
120592.39142108709,1115.2051304234192,4,more,TRUE,low,3
107612.04719310626,1022.5261288578622,4,more,TRUE,med,14
104082.45068974792,1167.218308954034,4,more,TRUE,high,19
121147.95178058556,1067.3367386916652,5more,2,FALSE,low,10
123191.46888912655,1056.6105644684285,5more,2,FALSE,med,3
124083.67219031788,1037.130102806259,5more,2,FALSE,high,23
108545.1201419346,1014.0919449622744,5more,2,TRUE,low,25
112750.24054339156,1199.8229203163646,5more,2,TRUE,med,3
101212.5906010624,1195.3934605699033,5more,2,TRUE,high,17
114469.6125818882,1215.8552319160665,5more,2,TRUE,low,3
103462.48674904928,1168.1899703107774,5more,2,TRUE,med,19
106481.73391819,1062.90010799421,5more,2,TRUE,high,9
110991.82379548438,1143.6622066539712,5more,4,FALSE,low,23
108162.23577712664,1159.2288411338814,5more,4,FALSE,med,10
110962.30434486642,1001.3971017906442,5more,4,FALSE,high,24
113931.49001523852,1247.2893659141846,5more,4,TRUE,low,20
102628.85740958154,1052.2893393062986,5more,4,TRUE,med,4
101468.76979852097,1223.1035268632695,5more,4,TRUE,high,11
101135.8903546352,1128.8496989873238,5more,4,TRUE,low,14
120560.27979124336,1050.9413372492418,5more,4,TRUE,med,2
107224.309630692,1069.158713566139,5more,4,TRUE,high,16
109621.80442875253,1041.9876105734147,5more,more,FALSE,low,9
118215.75918002054,1221.1141423904337,5more,more,FALSE,med,8
116023.94616929814,1155.056543298997,5more,more,FALSE,high,22
122149.28502799012,1173.552738327999,5more,more,TRUE,low,20
101775.93877888285,1203.3102246932683,5more,more,TRUE,med,5
108623.7620387692,1081.5467002685182,5more,more,TRUE,high,1
109629.71210246906,1007.9422303824686,5more,more,TRUE,low,20
102900.94494703226,1132.3115603881888,5more,more,TRUE,med,21
114486.81109468453,1034.1183491400443,5more,more,TRUE,high,14
102389.76486725733,804.7245492343791,2,2,FALSE,low,1
109953.4371169284,965.5429726699368,2,2,FALSE,med,25
105522.48535095714,993.4770471299998,2,2,FALSE,high,13
119900.3095331136,858.1617522868328,2,2,TRUE,low,6
116740.55286566728,786.5580774960108,2,2,TRUE,med,1
121091.95942175576,883.9642985840328,2,2,TRUE,high,18
117302.59753530844,795.5838659545407,2,2,TRUE,low,14
104082.07214786673,967.0363689074292,2,2,TRUE,med,13
107257.37898028456,845.3317219391465,2,2,TRUE,high,21
106442.10963509975,997.16108571738,2,4,FALSE,low,25
109410.1031369064,989.5649985410272,2,4,FALSE,med,19
107196.24671037307,801.9455737085082,2,4,FALSE,high,7
110001.54452049172,873.6984865972772,2,4,TRUE,low,19
122413.46917580812,834.4997162930667,2,4,TRUE,med,13
124502.9326993972,929.0973927127196,2,4,TRUE,high,3
100687.96643754467,948.6846196232364,2,4,TRUE,low,2
109175.45299162155,807.7370212413371,2,4,TRUE,med,5
118423.72901155612,857.8927179332823,2,4,TRUE,high,21
124585.75781201944,992.791412223596,2,more,FALSE,low,18
106657.10088796914,773.0426249909215,2,more,FALSE,med,17
102568.19822243416,823.9176400238648,2,more,FALSE,high,10
101468.58808584511,779.1358312242664,2,more,TRUE,low,15
109860.97634304316,975.897966651246,2,more,TRUE,med,3
115504.13203658536,967.1586790354922,2,more,TRUE,high,12
122738.6753540486,809.3947969027795,2,more,TRUE,low,5
123045.6774297636,807.8663165215403,2,more,TRUE,med,5
121575.87358960882,761.6020671557635,2,more,TRUE,high,19
112373.79822996444,897.503676766064,3,2,FALSE,low,12
104696.6589638032,879.6603276277892,3,2,FALSE,med,23
123941.47589220664,916.2857040064408,3,2,FALSE,high,3
124429.68809045853,818.9026331529021,3,2,TRUE,low,13
105397.17662031762,836.1601505894214,3,2,TRUE,med,23
107331.04716055097,757.3228738037869,3,2,TRUE,high,14
120418.43302431516,974.4522313121706,3,2,TRUE,low,24
115387.1389804408,893.4420581208542,3,2,TRUE,med,5
107853.11695653944,947.705012280494,3,2,TRUE,high,25
111538.78284385428,941.4174668490888,3,4,FALSE,low,8
112051.74626084045,949.5686522568576,3,4,FALSE,med,17
117283.80658314563,930.067956855055,3,4,FALSE,high,15
110893.38434976526,847.3574875388294,3,4,TRUE,low,23
123667.2631057445,883.8295711902902,3,4,TRUE,med,20
108791.85689846054,824.9856021720916,3,4,TRUE,high,2
112478.4370593261,919.7141790646128,3,4,TRUE,low,15
102053.3770963084,788.1749111111276,3,4,TRUE,med,22
104310.64021540806,945.2069433173164,3,4,TRUE,high,22
112800.28779874556,872.0867099473253,3,more,FALSE,low,8
117808.67581255734,806.5845221863128,3,more,FALSE,med,24
106740.84193306044,978.2932631787844,3,more,FALSE,high,14
113170.2715123538,799.1392841213383,3,more,TRUE,low,2
109484.2082762625,999.4017657008952,3,more,TRUE,med,22
121940.12573454528,969.2086444702,3,more,TRUE,high,18
114908.29956601374,880.6232297793031,3,more,TRUE,low,20
108283.55330158956,955.7723883190192,3,more,TRUE,med,16
106027.20568422228,753.2865270623006,3,more,TRUE,high,18
101947.2946645692,953.3496229560114,4,2,FALSE,low,16
114981.09292588197,885.5058317421935,4,2,FALSE,med,24
121813.26886639,906.537197472062,4,2,FALSE,high,13
109533.43931469136,778.4329630085267,4,2,TRUE,low,14
106593.47863402218,919.4903722964228,4,2,TRUE,med,12
115283.7071858812,766.5479033603333,4,2,TRUE,high,17
113877.9590080958,759.2849703505635,4,2,TRUE,low,10
103860.3953551501,845.6437536515296,4,2,TRUE,med,5
108819.17818333022,773.5389630543068,4,2,TRUE,high,17
101370.26837910526,777.0099234767258,4,4,FALSE,low,7
113611.37104104272,812.2792170615867,4,4,FALSE,med,10
119584.5712791197,953.3208733191714,4,4,FALSE,high,24
113534.75913638248,812.549109745305,4,4,TRUE,low,16
119957.80060533434,971.3904684758744,4,4,TRUE,med,9
103711.69212739916,896.3326342636719,4,4,TRUE,high,6
100161.49287112056,848.5816673492081,4,4,TRUE,low,4
102802.2764949128,815.5248916591518,4,4,TRUE,med,8
119763.23165581562,853.9672474144027,4,4,TRUE,high,10
111343.76876289023,924.3328785523772,4,more,FALSE,low,9
108890.55907609873,924.6544021298178,4,more,FALSE,med,3
115676.766022807,876.7625561449677,4,more,FALSE,high,8
112779.36319820584,952.6021073688752,4,more,TRUE,low,5
117195.90271823108,941.7728908592836,4,more,TRUE,med,6
100751.6137091443,814.024513005279,4,more,TRUE,high,2
110917.03136917204,756.2739624409005,4,more,TRUE,low,18
117926.37009057216,908.5827181115746,4,more,TRUE,med,13
108705.76994493604,970.2484518638812,4,more,TRUE,high,16
115524.48271540923,879.4460818753578,5more,2,FALSE,low,22
104897.2752469126,830.9012099634856,5more,2,FALSE,med,11
101473.42255804688,981.715802976396,5more,2,FALSE,high,25
104411.88746481204,820.930102665443,5more,2,TRUE,low,12
102188.65234637632,771.7476874240674,5more,2,TRUE,med,2
117621.51048751548,947.3770232871176,5more,2,TRUE,high,6
104473.07415306568,913.11578406021,5more,2,TRUE,low,10
117506.68482854962,982.7151055797004,5more,2,TRUE,med,25
110587.37279381604,942.9503958672284,5more,2,TRUE,high,17
119963.086390635,753.9206629153341,5more,4,FALSE,low,24
108043.25404460542,968.5203252593057,5more,4,FALSE,med,6
113219.1952492576,923.889355326537,5more,4,FALSE,high,3
124920.32019072212,846.3630964979529,5more,4,TRUE,low,20
102777.99480245449,985.6951936380938,5more,4,TRUE,med,12
109482.76233975776,806.7084667272866,5more,4,TRUE,high,18
105307.3701041285,953.8390032248572,5more,4,TRUE,low,8
100133.54577822612,845.2708749100566,5more,4,TRUE,med,14
113443.55212058872,789.7218321450055,5more,4,TRUE,high,6
108759.36440424994,826.7492692102678,5more,more,FALSE,low,23
124062.87628691643,921.2954508839176,5more,more,FALSE,med,6
107010.80542639828,784.8566537722945,5more,more,FALSE,high,10
106641.08540513553,996.3297649519518,5more,more,TRUE,low,3
121297.2876324784,844.8812082060613,5more,more,TRUE,med,18
117240.03502749838,829.6150806127116,5more,more,TRUE,high,1
121436.94938858972,815.926393319387,5more,more,TRUE,low,5
106847.9634472169,913.9241833472624,5more,more,TRUE,med,10
120750.82292431034,767.8954032016918,5more,more,TRUE,high,6
122328.13140726648,586.6737224860117,2,2,FALSE,low,24
121193.21775971912,730.350736877881,2,2,FALSE,med,25
113704.77338787168,611.4760581403971,2,2,FALSE,high,4
115003.94217437132,664.9819339509122,2,2,TRUE,low,16
123150.51484038122,541.0037798574194,2,2,TRUE,med,3
120327.7867694851,691.472562844865,2,2,TRUE,high,10
122444.87061398104,546.3842288590968,2,2,TRUE,low,24
119513.03196838126,671.7736036516726,2,2,TRUE,med,24
108236.62791517565,655.1094847964123,2,2,TRUE,high,19
102498.15084971488,700.0244983937591,2,4,FALSE,low,5
100014.02315683664,711.0780493239872,2,4,FALSE,med,22
122281.91848262212,693.3092312538065,2,4,FALSE,high,31
109341.83807694352,530.9751094318926,2,4,TRUE,low,10
105993.17664746197,679.8656210303307,2,4,TRUE,med,1
101579.10511479712,679.080945730675,2,4,TRUE,high,34
114714.35390412807,719.7279155952856,2,4,TRUE,low,8
119718.1367489975,679.3599049560726,2,4,TRUE,med,48
103462.28381968103,612.8573588212021,2,4,TRUE,high,50
103021.8426603824,707.4523352202959,2,more,FALSE,low,21
113076.3108667452,720.1921226223931,2,more,FALSE,med,10
122824.93061502464,614.3862554454245,2,more,FALSE,high,25
105776.0895928368,718.0434048059396,2,more,TRUE,low,21
115996.36732134968,527.4312316905707,2,more,TRUE,med,3
116685.113980202,677.4103477946483,2,more,TRUE,high,48
104624.01766562834,575.3290811553597,2,more,TRUE,low,14
101599.62631878445,748.26078076148406,2,more,TRUE,med,39
104297.60024417192,515.6579244066961,2,more,TRUE,high,36
100959.06061469576,602.3651071591303,3,2,FALSE,low,21
107878.94924287684,689.8732528206892,3,2,FALSE,med,5
102020.05316969009,551.1237393366173,3,2,FALSE,high,16
100964.54815356992,672.1363995457068,3,2,TRUE,low,12
104389.51546093448,632.5391423306428,3,2,TRUE,med,17
114590.02787596546,584.8018964752555,3,2,TRUE,high,20
109516.47784095258,680.5505498195998,3,2,TRUE,low,21
101785.70727584884,562.3019688646309,3,2,TRUE,med,25
102863.22478204966,669.8806151980534,3,2,TRUE,high,21
121149.68090318143,629.011349461507,3,4,FALSE,low,4
116914.9275694508,533.9831432793289,3,4,FALSE,med,4
117296.56991083176,676.0380099876784,3,4,FALSE,high,39
115394.32046702132,658.3724818774499,3,4,TRUE,low,14
103350.16759345308,559.026965231169,3,4,TRUE,med,12
106821.2307698559,522.0292687881738,3,4,TRUE,high,41
105076.07562467456,627.5486816302873,3,4,TRUE,low,16
104003.8098115474,706.6324935294688,3,4,TRUE,med,48
108404.4422255829,690.7613888615742,3,4,TRUE,high,48
121875.46344357544,567.7456999546848,3,more,FALSE,low,5
112900.08864598347,678.9906370686367,3,more,FALSE,med,21
101693.86623892932,639.2830025288276,3,more,FALSE,high,28
102192.40539008752,625.1662752474658,3,more,TRUE,low,1
121509.26242466085,683.1170535297133,3,more,TRUE,med,37
124456.87205763534,729.0395501768216,3,more,TRUE,high,39
100915.48595810308,618.9839747967198,3,more,TRUE,low,1
119777.09520724602,500.3184256493114,3,more,TRUE,med,42
122959.14612477644,555.2249648608267,3,more,TRUE,high,43
104454.40216572024,691.9636587263085,4,2,FALSE,low,13
116351.82010941207,721.661419258453,4,2,FALSE,med,10
110093.5575319454,647.4809167557396,4,2,FALSE,high,7
101911.66951553896,643.7052253750153,4,2,TRUE,low,8
116610.90378183872,673.8964884425513,4,2,TRUE,med,9
103156.20915498585,531.3809497165494,4,2,TRUE,high,23
111388.47079128028,701.6264963313006,4,2,TRUE,low,17
102578.20409024134,585.9649635967799,4,2,TRUE,med,19
105265.71250520648,547.7387141436338,4,2,TRUE,high,7
109021.97504183276,617.7222894621082,4,4,FALSE,low,1
107838.2540785242,682.1484073880129,4,4,FALSE,med,1
106038.77382236531,502.2976472973823,4,4,FALSE,high,36
112867.37587070093,606.8737918394618,4,4,TRUE,low,16
119881.18681474587,744.5025516790338,4,4,TRUE,med,50
108058.83433204144,689.7862832411192,4,4,TRUE,high,39
113147.80307002366,556.1186328413896,4,4,TRUE,low,20
124285.61791894026,560.1984233944677,4,4,TRUE,med,30
113530.87602183224,728.9036646834575,4,4,TRUE,high,45
105378.82258649915,660.502637096215,4,more,FALSE,low,6
112425.06138514727,557.489971164614,4,more,FALSE,med,25
120658.9226378128,619.3404565565288,4,more,FALSE,high,29
110640.45889652334,650.0051916809753,4,more,TRUE,low,16
102432.14219808578,622.4285864736885,4,more,TRUE,med,49
122901.07313892804,692.710897012148,4,more,TRUE,high,31
100972.36889996566,521.5901461197063,4,more,TRUE,low,18
111725.94681265764,515.1577814831398,4,more,TRUE,med,30
122826.74786401913,664.0894421725534,4,more,TRUE,high,39
101712.53920416348,617.1772092347965,5more,2,FALSE,low,19
100161.50543815456,722.7911120280623,5more,2,FALSE,med,7
100516.72752015293,681.9549467763864,5more,2,FALSE,high,24
120059.80943213216,516.5036665275693,5more,2,TRUE,low,14
108264.55756323412,682.7173110214062,5more,2,TRUE,med,7
101030.00226081348,746.6426505125128,5more,2,TRUE,high,7
122618.63151798023,506.50908407988027,5more,2,TRUE,low,18
103904.764453182,524.6749130310491,5more,2,TRUE,med,23
106602.6096639689,566.7148444917984,5more,2,TRUE,high,1
115836.9792799931,502.53906793659553,5more,4,FALSE,low,2
117458.36297632197,698.3434305293486,5more,4,FALSE,med,11
112346.26295045018,738.3721058722585,5more,4,FALSE,high,41
103704.70557245426,718.260632827878,5more,4,TRUE,low,14
108872.2596410662,620.1060291496105,5more,4,TRUE,med,44
100692.206970416,573.2272214954719,5more,4,TRUE,high,38
120593.75504613854,577.0810164976865,5more,4,TRUE,low,11
117411.59206721932,605.8605373254977,5more,4,TRUE,med,37
105361.54849105516,633.5396601352841,5more,4,TRUE,high,31
117442.26260925645,567.1738202217966,5more,more,FALSE,low,12
114795.60802690683,695.2649442246184,5more,more,FALSE,med,13
110215.34411702304,612.9737112205476,5more,more,FALSE,high,47
109281.4284900669,536.0573809593916,5more,more,TRUE,low,2
120925.1067484729,647.1027827938087,5more,more,TRUE,med,47
109955.07120969704,516.0921764327213,5more,more,TRUE,high,49
104844.80543527752,537.608670652844,5more,more,TRUE,low,25
121296.66762775742,638.3970647584647,5more,more,TRUE,med,33
114666.11222131178,734.7814106033184,5more,more,TRUE,high,37
106639.9308736436,381.42404762329534,2,2,FALSE,low,17
100982.95315401629,361.974440724589,2,2,FALSE,med,7
121618.91063442454,397.8620199835859,2,2,FALSE,high,4
100327.1723166108,471.5280657983385,2,2,TRUE,low,20
103737.37385380082,383.4280348732136,2,2,TRUE,med,12
124589.91369931027,471.78783271228895,2,2,TRUE,high,11
123859.89231406712,464.87315389094874,2,2,TRUE,low,8
119389.48465976864,446.7747023445554,2,2,TRUE,med,10
123221.05090133846,429.7232479089871,2,2,TRUE,high,5
124191.10026676208,441.7826433083974,2,4,FALSE,low,2
105224.1068391595,376.43296039896086,2,4,FALSE,med,6
121647.94796262868,392.4225744558498,2,4,FALSE,high,43
112110.38118344732,434.74950580857694,2,4,TRUE,low,1
122726.2879954651,398.46565751358867,2,4,TRUE,med,14
103244.45947771892,496.6378888580948,2,4,TRUE,high,47
105525.5165148992,468.46062192926183,2,4,TRUE,low,20
124329.72191600128,415.431472263299,2,4,TRUE,med,31
112950.24222927168,358.8196670287289,2,4,TRUE,high,33
101224.8123588506,356.8114161491394,2,more,FALSE,low,19
113059.7062408924,443.59285656828433,2,more,FALSE,med,25
107621.02170847356,398.30190474167466,2,more,FALSE,high,22
112830.79698332584,457.09741204045713,2,more,TRUE,low,8
119675.34300638364,432.45676677906886,2,more,TRUE,med,5
119295.96912232228,466.62920374656096,2,more,TRUE,high,41
120808.20844857952,482.949877588544,2,more,TRUE,low,25
124595.01594421454,488.9236224698834,2,more,TRUE,med,31
124044.12549221888,442.74372968357056,2,more,TRUE,high,38
113221.90004284494,350.9018485667184,3,2,FALSE,low,24
116681.76252860576,495.0691308476962,3,2,FALSE,med,8
109181.63663591258,466.9425534782931,3,2,FALSE,high,10
108893.72382080182,373.5219673719257,3,2,TRUE,low,21
124456.1818195507,441.6895354865119,3,2,TRUE,med,4
109440.27274963446,366.3266741670668,3,2,TRUE,high,21
123183.09175316244,462.178012158256,3,2,TRUE,low,21
119863.05461032316,411.3424973911606,3,2,TRUE,med,20
122751.81247969158,386.1868393956683,3,2,TRUE,high,5
102322.4615084473,363.9980297186412,3,4,FALSE,low,22
118691.752088489,449.2214504280128,3,4,FALSE,med,24
101717.80628734268,385.5419661849737,3,4,FALSE,high,48
107466.24197927304,473.89185511274263,3,4,TRUE,low,23
117183.06549591944,416.5104804909788,3,4,TRUE,med,23
117357.53531102093,372.5924253114499,3,4,TRUE,high,46
104538.78417029046,440.5794881633483,3,4,TRUE,low,4
107524.75125482306,489.1431597410701,3,4,TRUE,med,32
111480.75193632394,362.74066562764347,3,4,TRUE,high,26
114194.05319611542,451.81373255327344,3,more,FALSE,low,22
105997.66979576088,492.42835068143904,3,more,FALSE,med,16
116024.35635286383,370.0666477554478,3,more,FALSE,high,33
102403.31562235951,425.6693924427964,3,more,TRUE,low,5
100034.6246000845,374.3458492215723,3,more,TRUE,med,28
103178.29986452124,485.709839023184,3,more,TRUE,high,44
110952.50587677585,379.7977195587009,3,more,TRUE,low,17
102172.46555257589,398.0167069239542,3,more,TRUE,med,32
114289.82871584594,478.6216087057255,3,more,TRUE,high,45
107464.61881208234,456.5542499069125,4,2,FALSE,low,6
124345.76924424618,368.1681882822886,4,2,FALSE,med,7
120312.23181402312,471.5416901628487,4,2,FALSE,high,16
110193.85423860513,373.2846666825935,4,2,TRUE,low,3
109983.0787978135,492.329718451947,4,2,TRUE,med,2
100082.15982816182,428.9896633592434,4,2,TRUE,high,12
102702.66141160393,491.58248498570174,4,2,TRUE,low,3
123015.96070174128,383.3261342952028,4,2,TRUE,med,2
120830.39067219944,436.1863097175956,4,2,TRUE,high,20
110502.27251253092,371.8949667643756,4,4,FALSE,low,7
118730.22434301674,354.925156745594,4,4,FALSE,med,22
108780.73312342168,359.7108173533343,4,4,FALSE,high,50
112998.61467559822,451.4629207085818,4,4,TRUE,low,6
120050.72001484224,395.17037965124473,4,4,TRUE,med,39
109262.8538957797,377.9894901555963,4,4,TRUE,high,43
116895.38501086643,462.5149881350808,4,4,TRUE,low,1
124185.8315479476,436.5196886006742,4,4,TRUE,med,50
123406.60879272036,412.2568976832554,4,4,TRUE,high,45
105789.77709519675,390.5095624621026,4,more,FALSE,low,18
122208.92377663404,393.3473754674196,4,more,FALSE,med,8
107575.60290512627,378.34832983789966,4,more,FALSE,high,34
115573.2304265257,442.7373461308889,4,more,TRUE,low,18
107667.38844104113,380.6204742519185,4,more,TRUE,med,32
113630.79655566251,383.5788959637284,4,more,TRUE,high,36
107578.65243358538,380.32192018581554,4,more,TRUE,low,11
115296.7339672614,464.8645363864489,4,more,TRUE,med,42
116589.01102491654,351.3526940951124,4,more,TRUE,high,35
100352.42277081124,373.773965833243,5more,2,FALSE,low,11
113440.56854140943,480.231102660764,5more,2,FALSE,med,22
113243.5784151312,382.2901969309896,5more,2,FALSE,high,6
112355.30067351648,479.19250697596,5more,2,TRUE,low,3
100388.89257702976,455.55755427340046,5more,2,TRUE,med,13
115049.258118961,355.803680291865,5more,2,TRUE,high,9
100624.5676369872,380.0678434316069,5more,2,TRUE,low,21
102565.2427051682,460.58757823193446,5more,2,TRUE,med,2
124300.65697990358,357.18297065468505,5more,2,TRUE,high,25
117658.35314290598,374.0516109275632,5more,4,FALSE,low,12
124721.19421581738,355.40660889819264,5more,4,FALSE,med,24
111299.8278986197,406.5469801542349,5more,4,FALSE,high,48
105040.37878126836,474.05866748886183,5more,4,TRUE,low,12
105689.21354715712,462.1451368671842,5more,4,TRUE,med,40
102543.59634127468,465.53116681752726,5more,4,TRUE,high,37
118901.82428178376,462.13807546300814,5more,4,TRUE,low,2
114343.33883807994,363.52525908732787,5more,4,TRUE,med,39
119505.77985844576,426.3950622407719,5more,4,TRUE,high,46
107643.18837900646,363.9492725371383,5more,more,FALSE,low,22
101667.06572053954,494.34955657925457,5more,more,FALSE,med,11
100610.87527428754,450.66535524092615,5more,more,FALSE,high,39
106520.10201010852,433.8625482516363,5more,more,TRUE,low,3
115318.52713087574,498.1646141386591,5more,more,TRUE,med,28
118482.81733691692,433.2337952917442,5more,more,TRUE,high,30
124824.83111089095,458.32948349416256,5more,more,TRUE,low,10
108373.74619441108,451.47223555250093,5more,more,TRUE,med,33
111931.731243385,423.9916023914702,5more,more,TRUE,high,33
96965.27416817844,1224.7698988649065,2,2,FALSE,low,24
76298.04685129784,1195.164546254091,2,2,FALSE,med,7
85339.69081472605,1027.096330828499,2,2,FALSE,high,20
99338.27834320256,1053.141007083468,2,2,TRUE,low,23
81653.3402306959,1174.7506314422935,2,2,TRUE,med,20
99152.45157899336,1039.9177742074244,2,2,TRUE,high,6
81111.90411727875,1206.8434728425927,2,2,TRUE,low,18
83923.03037107922,1194.9374223477207,2,2,TRUE,med,18
89139.54014424235,1079.1927055688575,2,2,TRUE,high,14
76643.59780610539,1100.7310828426853,2,4,FALSE,low,2
83571.05854083784,1112.1623772196472,2,4,FALSE,med,4
79923.3035359066,1097.6850507431664,2,4,FALSE,high,9
96377.30464455672,1203.7443332956173,2,4,TRUE,low,20
77219.49912956916,1210.86678490974,2,4,TRUE,med,9
84961.15431771614,1113.819372083526,2,4,TRUE,high,15
97051.09029309824,1009.6654654480516,2,4,TRUE,low,11
87107.35493223183,1231.3384192530066,2,4,TRUE,med,15
78859.72626972944,1012.6507164677604,2,4,TRUE,high,23
75904.88679124974,1036.2954376032576,2,more,FALSE,low,6
87839.71035736613,1195.9050343721174,2,more,FALSE,med,25
82456.38586813584,1221.959794522263,2,more,FALSE,high,24
93067.0860572718,1213.3998947683722,2,more,TRUE,low,22
85292.13144211099,1158.0444533610716,2,more,TRUE,med,8
98657.55445207468,1209.7286262433045,2,more,TRUE,high,3
90133.75539216211,1103.00026985351,2,more,TRUE,low,13
98036.2887843512,1064.2010236624628,2,more,TRUE,med,1
87078.02575663663,1081.6508519346826,2,more,TRUE,high,16
86639.9512742646,1166.6761356173083,3,2,FALSE,low,13
94015.76178497636,1134.4622360775247,3,2,FALSE,med,19
97767.32896571048,1141.6335874819197,3,2,FALSE,high,13
77133.2909760531,1127.7701807557603,3,2,TRUE,low,14
90653.92200718634,1234.5060627558269,3,2,TRUE,med,4
81534.51571706682,1010.333533398807,3,2,TRUE,high,19
96370.42904505506,1190.8549989457242,3,2,TRUE,low,24
77880.93303679489,1032.9359610914253,3,2,TRUE,med,1
87919.34426990338,1085.5279387324117,3,2,TRUE,high,17
91794.39645959064,1194.7464530239813,3,4,FALSE,low,5
89024.41802201793,1131.6685369820334,3,4,FALSE,med,12
90314.23638225532,1099.201654200442,3,4,FALSE,high,7
79818.7825770583,1230.778893106617,3,4,TRUE,low,5
82558.06090892293,1031.0785223846324,3,4,TRUE,med,19
99275.61829681508,1123.5144027741626,3,4,TRUE,high,2
93095.67926684394,1216.068796114996,3,4,TRUE,low,19
90528.38683710434,1026.8729832023382,3,4,TRUE,med,13
78001.0980553925,1152.8365054982714,3,4,TRUE,high,2
84383.08201730251,1097.2211682237685,3,more,FALSE,low,20
83001.50961149484,1033.515710500069,3,more,FALSE,med,2
78645.35428234376,1219.1767917829566,3,more,FALSE,high,22
83357.5309778098,1110.7114457990974,3,more,TRUE,low,9
89425.83599127829,1169.294837047346,3,more,TRUE,med,9
93516.2091453094,1066.465329786297,3,more,TRUE,high,22
92552.40758648142,1109.5496417256072,3,more,TRUE,low,2
84713.35211652331,1079.4513415312394,3,more,TRUE,med,14
78094.87897902727,1058.460011612624,3,more,TRUE,high,9
86658.9252196718,1198.3104480896145,4,2,FALSE,low,15
76523.83311651647,1018.19853449706,4,2,FALSE,med,9
82910.29224055819,1040.1625709491782,4,2,FALSE,high,11
93127.36197607592,1202.6128129218705,4,2,TRUE,low,4
99442.1251642052,1093.944872263819,4,2,TRUE,med,14
91476.92074766384,1133.116876706481,4,2,TRUE,high,17
91961.13512734884,1114.7154530626722,4,2,TRUE,low,4
97095.11292749085,1022.6387169677764,4,2,TRUE,med,2
76676.88190704212,1092.484031105414,4,2,TRUE,high,4
76498.13817697577,1168.1552657391876,4,4,FALSE,low,21
77239.38138806261,1065.750258625485,4,4,FALSE,med,8
93983.16737497224,1193.419534189161,4,4,FALSE,high,3
83941.16160925478,1095.9174002637155,4,4,TRUE,low,25
84123.4341263771,1226.571339240763,4,4,TRUE,med,15
77384.1613845434,1244.1503670997918,4,4,TRUE,high,14
88604.74936664104,1075.2634088275954,4,4,TRUE,low,1
99176.24421650544,1249.8505972907878,4,4,TRUE,med,17
98555.257567204535,1126.0490148561075,4,4,TRUE,high,12
78432.22360825166,1077.2100581671111,4,more,FALSE,low,14
80734.56306010485,1169.5893265423365,4,more,FALSE,med,23
97901.18761593476,1152.2344016702846,4,more,FALSE,high,12
99448.06193816476,1104.0139924152754,4,more,TRUE,low,14
81479.94601749815,1140.2706589433365,4,more,TRUE,med,7
97513.99159431458,1117.9468193440698,4,more,TRUE,high,15
75280.07194632664,1044.7697743074968,4,more,TRUE,low,14
90810.2981862612,1023.2234972645527,4,more,TRUE,med,11
88635.24289336056,1019.2317676846868,4,more,TRUE,high,15
85321.44670025446,1210.8490191749297,5more,2,FALSE,low,7
98400.67211771384,1173.7207089317965,5more,2,FALSE,med,17
89926.93786276504,1132.598471303936,5more,2,FALSE,high,14
92551.94175057112,1078.331062279176,5more,2,TRUE,low,1
98004.39264508896,1104.9560778192244,5more,2,TRUE,med,11
85943.96829721518,1140.9739466616884,5more,2,TRUE,high,25
84280.83190810867,1232.6443761703558,5more,2,TRUE,low,2
94465.66113620064,1203.979357378557,5more,2,TRUE,med,9
79296.53556202538,1144.6870844229124,5more,2,TRUE,high,2
90786.81411920115,1244.9408309767025,5more,4,FALSE,low,12
88954.82063526288,1144.3631619331427,5more,4,FALSE,med,3
99081.34512370452,1163.535179279279,5more,4,FALSE,high,6
93442.47723929584,1078.10759160202,5more,4,TRUE,low,2
99809.63968555444,1016.0575267509556,5more,4,TRUE,med,16
92285.60798219404,1044.846180244349,5more,4,TRUE,high,2
76224.17871025391,1163.008202216588,5more,4,TRUE,low,12
84889.40139650367,1150.5898594623432,5more,4,TRUE,med,10
98537.84093284048,1135.7313294429332,5more,4,TRUE,high,7
93759.38116572796,1240.7268065144308,5more,more,FALSE,low,10
93881.12808810548,1097.6395059842616,5more,more,FALSE,med,22
95181.16001272574,1079.124273324851,5more,more,FALSE,high,3
75993.01247973926,1151.9380187382922,5more,more,TRUE,low,17
93747.71567527203,1132.969579542987,5more,more,TRUE,med,19
92866.86964915134,1180.871884454973,5more,more,TRUE,high,6
94821.69918483125,1093.4211267740466,5more,more,TRUE,low,15
92400.15813265929,1167.7110466989689,5more,more,TRUE,med,15
85557.90051468648,1243.0306295282207,5more,more,TRUE,high,2
87341.16021660157,986.6811648244038,2,2,FALSE,low,24
88345.3392481897,823.9679196849465,2,2,FALSE,med,20
88938.99975228123,997.6855100831016,2,2,FALSE,high,4
96261.67024835011,828.9405804825947,2,2,TRUE,low,4
95462.23665238358,870.565953257028,2,2,TRUE,med,22
81519.88600729965,918.2095391443,2,2,TRUE,high,10
98720.76310566626,776.580665144138,2,2,TRUE,low,21
88966.32685791701,804.188659938518,2,2,TRUE,med,4
83416.88361833803,873.0394833837636,2,2,TRUE,high,22
99186.4798765164,898.8753295270726,2,4,FALSE,low,21
80553.45198372379,832.9531096969731,2,4,FALSE,med,2
89317.0906638261,865.2546989615075,2,4,FALSE,high,50
75221.82347020134,944.3498274195008,2,4,TRUE,low,18
82875.55306451395,851.7755043576472,2,4,TRUE,med,5
91374.52386203222,850.5531386472285,2,4,TRUE,high,26
77909.55819073133,933.1073784851468,2,4,TRUE,low,23
80810.55321963504,876.0771716479212,2,4,TRUE,med,31
90869.66271861456,913.23544428451,2,4,TRUE,high,43
92995.33838639036,845.8882798440754,2,more,FALSE,low,6
82370.02568785101,812.3475188622251,2,more,FALSE,med,18
99668.81526634096,961.895631859079,2,more,FALSE,high,1
98623.03913687356,756.2766745686531,2,more,TRUE,low,17
84121.47158524022,888.4905392187648,2,more,TRUE,med,4
97468.33273675291,992.7814455004408,2,more,TRUE,high,40
87233.43086312525,820.850488555152,2,more,TRUE,low,6
90860.79463595524,841.4579760865308,2,more,TRUE,med,36
87925.60293804854,919.5540471118876,2,more,TRUE,high,45
80172.50258126296,925.5448700278066,3,2,FALSE,low,3
84533.20137923583,755.0435134326108,3,2,FALSE,med,20
95820.16132771967,984.6854174975306,3,2,FALSE,high,25
94398.4051933512,960.17083193874,3,2,TRUE,low,12
89482.56214498542,769.7183161508292,3,2,TRUE,med,14
96011.83178601786,839.767868630588,3,2,TRUE,high,14
96113.89842466453,802.125696267467,3,2,TRUE,low,13
90156.60559525712,787.4556736205705,3,2,TRUE,med,8
91527.87023922428,860.8146223705262,3,2,TRUE,high,1
80427.0199558232,815.4277339344844,3,4,FALSE,low,10
75378.2085084822,797.6736246491782,3,4,FALSE,med,9
88826.98129746132,948.7803175579756,3,4,FALSE,high,33
76187.25828360766,928.519495006185,3,4,TRUE,low,12
97307.37750651316,901.00972057553,3,4,TRUE,med,23
92638.91486334614,908.2589091267436,3,4,TRUE,high,38
97440.66061684862,872.0180907403119,3,4,TRUE,low,15
93998.51083871908,825.045658100862,3,4,TRUE,med,41
90876.23379309662,919.7555059217848,3,4,TRUE,high,38
83050.60327402316,827.8616791358218,3,more,FALSE,low,22
89768.46634759568,955.312720616348,3,more,FALSE,med,1
75934.22933714464,906.875027809292,3,more,FALSE,high,31
87622.82482348382,886.3845767336898,3,more,TRUE,low,24
75294.8806504719,954.7649633605032,3,more,TRUE,med,34
85303.63346799277,835.2116084424779,3,more,TRUE,high,43
93563.38959187268,846.5101754991338,3,more,TRUE,low,20
79683.42884560116,788.0785485031083,3,more,TRUE,med,27
89067.30150920339,958.925838698633,3,more,TRUE,high,33
80988.68464585394,920.4330925131216,4,2,FALSE,low,2
75408.83012698032,984.6522289444692,4,2,FALSE,med,24
92370.31114753336,890.7656336668879,4,2,FALSE,high,24
75990.18412292935,811.0342467552982,4,2,TRUE,low,8
87368.10343107209,992.8537161904388,4,2,TRUE,med,6
77882.83372065052,867.3370765172876,4,2,TRUE,high,8
92779.62660999036,797.3554444033653,4,2,TRUE,low,4
97950.23336773738,988.1653183256276,4,2,TRUE,med,17
86400.67697269842,990.8288709702902,4,2,TRUE,high,21
89304.48231985793,846.7492113122717,4,4,FALSE,low,10
98700.34924824722,932.5860762037336,4,4,FALSE,med,18
95830.19030396828,897.74751389632,4,4,FALSE,high,39
86191.32485473529,781.4334884751588,4,4,TRUE,low,8
85199.74971422926,939.5762964268216,4,4,TRUE,med,42
89367.24168015644,872.1026738639921,4,4,TRUE,high,35
93859.89309521392,847.0813185558654,4,4,TRUE,low,17
97710.62158979475,971.119763504248,4,4,TRUE,med,49
98663.98787708022,874.5342408656143,4,4,TRUE,high,26
82663.40410336852,910.0096615729854,4,more,FALSE,low,3
84752.20299442299,792.9075947031379,4,more,FALSE,med,4
96182.94031824917,844.9846475268714,4,more,FALSE,high,39
77717.24054473452,904.1724562994204,4,more,TRUE,low,21
86124.35163231567,889.4437051494606,4,more,TRUE,med,47
93286.6609247867,782.6517595676705,4,more,TRUE,high,27
82601.98584757745,787.5528439180925,4,more,TRUE,low,10
86087.71028229967,848.5350742121227,4,more,TRUE,med,42
99577.81280390918,937.877698452212,4,more,TRUE,high,26
96581.1404690612,983.4896482061596,5more,2,FALSE,low,15
79259.67266783118,902.1117832162416,5more,2,FALSE,med,18
89368.00585943274,897.0919264829718,5more,2,FALSE,high,3
95208.81620701402,988.9163359766826,5more,2,TRUE,low,18
85633.66242451593,874.9877964728512,5more,2,TRUE,med,8
82485.59288913384,839.8482434567995,5more,2,TRUE,high,21
93642.4519168213,812.2280722600408,5more,2,TRUE,low,13
87718.30199402757,978.3453255658968,5more,2,TRUE,med,1
96884.33356932364,824.6213932870887,5more,2,TRUE,high,13
81434.94562245905,930.2831144887024,5more,4,FALSE,low,21
90016.24498632737,836.0179421142675,5more,4,FALSE,med,13
99918.97345753388,757.165712013375,5more,4,FALSE,high,32
91843.3602899313,995.7953810226172,5more,4,TRUE,low,18
78992.16546211392,973.6940349102952,5more,4,TRUE,med,34
97170.74531363323,806.4245600253344,5more,4,TRUE,high,29
85258.32863524556,772.2982783452608,5more,4,TRUE,low,5
92614.10587932914,999.5346419746056,5more,4,TRUE,med,42
87583.7801489979,852.1689985645935,5more,4,TRUE,high,28
99993.7918037176,990.3207759489304,5more,more,FALSE,low,3
94132.57761043496,834.1694802511483,5more,more,FALSE,med,10
88676.67431477457,804.0520835202187,5more,more,FALSE,high,34
75273.70930765755,873.4151014941745,5more,more,TRUE,low,6
91180.94010627829,988.7660288950428,5more,more,TRUE,med,37
93052.77878884226,916.2018250208348,5more,more,TRUE,high,26
82287.42681676522,944.6103118825704,5more,more,TRUE,low,16
78740.95169827342,864.3321773852222,5more,more,TRUE,med,32
75100.35175364465,824.8037545126863,5more,more,TRUE,high,47
91149.685397977,528.9175215293653,2,2,FALSE,low,24
99982.62949520722,536.3555228104815,2,2,FALSE,med,11
92043.06859755889,625.125463004224,2,2,FALSE,high,8
81542.76338173077,627.3347296519205,2,2,TRUE,low,6
78569.06392844394,619.9411929119378,2,2,TRUE,med,6
98837.12185546756,546.8877103412524,2,2,TRUE,high,10
98288.8052414637,663.6279499507509,2,2,TRUE,low,21
77607.63342375867,645.736854930874,2,2,TRUE,med,25
96978.00650610588,508.7288835202344,2,2,TRUE,high,22
82111.51606519707,680.6288784719072,2,4,FALSE,low,24
87756.36403006501,600.4266542149708,2,4,FALSE,med,20
89284.2558270786,697.0256284112111,2,4,FALSE,high,39
79139.5697335247,516.9053509598598,2,4,TRUE,low,2
81523.56805512682,616.7142593185417,2,4,TRUE,med,18
96959.16181663053,737.4207825050689,2,4,TRUE,high,28
85345.86899913847,587.4397932202555,2,4,TRUE,low,17
96968.3557166718,571.7085734358989,2,4,TRUE,med,48
92736.44972126932,710.7786699198186,2,4,TRUE,high,50
93751.0351126548,676.9026719848625,2,more,FALSE,low,10
75658.22342876345,529.1424576425925,2,more,FALSE,med,17
75652.31155604124,667.868486198131,2,more,FALSE,high,14
97281.32299496792,512.2905215830542,2,more,TRUE,low,24
87541.08775756322,531.1591910431162,2,more,TRUE,med,18
89780.07351979613,502.83323117764667,2,more,TRUE,high,33
90216.2793383468,669.415287557058,2,more,TRUE,low,23
93621.0503045004,529.4437075499445,2,more,TRUE,med,28
96134.73767531104,610.1470399880782,2,more,TRUE,high,28
87992.74851335213,726.2490032007918,3,2,FALSE,low,20
91621.26030423678,588.284615194425,3,2,FALSE,med,14
94905.61355487444,631.8495349260047,3,2,FALSE,high,25
94083.86059221812,522.0020494307391,3,2,TRUE,low,25
78829.9138774164,639.2505906987935,3,2,TRUE,med,14
75028.39888911694,745.060404879041,3,2,TRUE,high,8
90457.2768136859,539.9546517874114,3,2,TRUE,low,25
86144.87674785778,519.9572371784598,3,2,TRUE,med,11
97407.93654927984,554.0629347087815,3,2,TRUE,high,14
98253.14289191738,651.8848112900741,3,4,FALSE,low,10
80966.81240131147,517.2696092631668,3,4,FALSE,med,25
80632.69820413552,690.6649980810471,3,4,FALSE,high,47
84546.26867896877,598.6896718386561,3,4,TRUE,low,7
80293.3928789571,599.8474684311077,3,4,TRUE,med,5
96181.9855554495,577.7688778471202,3,4,TRUE,high,27
88249.71604626626,687.6507278066128,3,4,TRUE,low,4
75520.3005624935,502.67104303929955,3,4,TRUE,med,28
91958.67124944924,729.1595465503633,3,4,TRUE,high,30
95926.92981823348,560.0729698198847,3,more,FALSE,low,22
83689.03723312542,532.439763424918,3,more,FALSE,med,11
78284.59413140081,726.1165305390023,3,more,FALSE,high,26
84788.71758561581,679.3297411641106,3,more,TRUE,low,1
98178.67701640353,512.4295028508641,3,more,TRUE,med,26
77581.17330959067,548.81949262926355,3,more,TRUE,high,49
81939.5258964505,708.5993009968661,3,more,TRUE,low,10
93127.15345295146,509.4670280814171,3,more,TRUE,med,39
85874.25973964855,697.5265819928609,3,more,TRUE,high,48
79931.75408919342,582.3144918540493,4,2,FALSE,low,17
80824.35728865676,616.4232488372363,4,2,FALSE,med,19
94322.99543404952,547.3459462518804,4,2,FALSE,high,1
80714.35862220824,620.449167501647,4,2,TRUE,low,1
96186.17558153346,535.7519976678304,4,2,TRUE,med,7
90387.84898584709,611.0985871055163,4,2,TRUE,high,13
97494.85260108486,630.3666657186113,4,2,TRUE,low,14
93079.15212702936,511.68615906499326,4,2,TRUE,med,20
80256.9025196135,565.5699544586241,4,2,TRUE,high,1
86833.57677073218,736.683143186383,4,4,FALSE,low,6
97498.13805683516,709.2737929197028,4,4,FALSE,med,15
95602.874038741,581.9652070640586,4,4,FALSE,high,46
84467.0595775824,671.3177126948722,4,4,TRUE,low,16
99783.83372654209,707.5220661354251,4,4,TRUE,med,33
82977.26765158586,623.8715964136645,4,4,TRUE,high,38
91392.53812027164,705.8903037686832,4,4,TRUE,low,5
79219.745472073555,671.4554956997745,4,4,TRUE,med,36
78899.72846023738,625.6117278244346,4,4,TRUE,high,39
83234.72145712003,552.2833350696601,4,more,FALSE,low,13
79401.31392679177,533.3712824503891,4,more,FALSE,med,2
87244.65074483305,546.9658338115551,4,more,FALSE,high,33
82318.58192011714,578.3482854021713,4,more,TRUE,low,4
97955.18217142671,671.674188633915,4,more,TRUE,med,38
89079.02690116316,577.3559226072393,4,more,TRUE,high,46
79929.23689307645,647.411813668441,4,more,TRUE,low,8
87989.20118133537,628.4868405782618,4,more,TRUE,med,36
79055.70131842978,651.9728964194655,4,more,TRUE,high,39
81170.61458760872,712.1991490712389,5more,2,FALSE,low,1
90971.45314444788,665.722006757278,5more,2,FALSE,med,22
75941.02419679984,693.8390213181265,5more,2,FALSE,high,20
86449.33396717533,612.8012776607648,5more,2,TRUE,low,23
75291.83069127612,588.1267765071243,5more,2,TRUE,med,17
94894.81336204337,577.0287630730309,5more,2,TRUE,high,16
78162.86076558754,501.9861356704496,5more,2,TRUE,low,1
92824.15668712927,648.2419974636286,5more,2,TRUE,med,17
75025.13310755603,588.8202192727476,5more,2,TRUE,high,11
95082.50055951066,582.510553591419,5more,4,FALSE,low,5
89380.79794752412,726.8234093789943,5more,4,FALSE,med,14
82010.59408602305,630.0256715621799,5more,4,FALSE,high,37
91400.99288197234,525.153499620501,5more,4,TRUE,low,15
78605.94303929247,598.807190079242,5more,4,TRUE,med,43
83773.79488083534,698.6799183650874,5more,4,TRUE,high,30
91773.2707282994,528.3196740783751,5more,4,TRUE,low,22
90827.5491790846,572.5334203452803,5more,4,TRUE,med,41
88936.64349452592,551.7606033245102,5more,4,TRUE,high,32
86818.64485843107,508.77442775527015,5more,more,FALSE,low,10
86189.41477616318,654.8531215521507,5more,more,FALSE,med,25
75148.81797833368,741.9958337559365,5more,more,FALSE,high,29
90685.85510831326,683.2931935787201,5more,more,TRUE,low,2
88499.154697638,710.2787037729286,5more,more,TRUE,med,39
82631.41700299457,560.4348654160276,5more,more,TRUE,high,31
81839.80564936064,524.8204405652359,5more,more,TRUE,low,6
86933.55998839252,514.0686799422838,5more,more,TRUE,med,44
75782.00959251262,660.0046990206465,5more,more,TRUE,high,41
94990.1711428538,433.8124406756833,2,2,FALSE,low,10
87881.0511494521,469.4615542306565,2,2,FALSE,med,1
76848.54872059077,392.0387937221676,2,2,FALSE,high,11
85719.05307471752,444.6540149394423,2,2,TRUE,low,20
76674.03966188431,410.0350373890251,2,2,TRUE,med,17
92818.25518119147,450.1689341268502,2,2,TRUE,high,17
89900.1986370422,436.2244503456168,2,2,TRUE,low,11
91302.07793787122,432.90914787212387,2,2,TRUE,med,15
97567.22565507516,441.9513620436192,2,2,TRUE,high,13
94139.52327449806,450.1829762244597,2,4,FALSE,low,18
75032.61271049269,368.8585096038878,2,4,FALSE,med,14
75281.1920188833,398.3817075844854,2,4,FALSE,high,48
78329.62172687985,360.3333440958522,2,4,TRUE,low,5
83943.66143038496,365.4575868626125,2,4,TRUE,med,9
86378.68476798758,446.5705842128955,2,4,TRUE,high,47
90996.99774524196,462.74316114140674,2,4,TRUE,low,22
88202.18773325905,358.88723159441724,2,4,TRUE,med,40
76945.94440981746,367.4588791211136,2,4,TRUE,high,29
94426.37168685906,393.4270104276948,2,more,FALSE,low,24
98327.12278002872,491.1450120504014,2,more,FALSE,med,4
90132.72344018333,460.6869323528372,2,more,FALSE,high,3
89309.41086146049,410.21883852081373,2,more,TRUE,low,11
85105.78208952211,427.6444815448486,2,more,TRUE,med,22
97459.79759609328,393.4086216147989,2,more,TRUE,high,48
99094.49164406396,450.1791137037799,2,more,TRUE,low,19
92193.91361693852,421.077211026568,2,more,TRUE,med,44
96980.44865508564,482.67052178271115,2,more,TRUE,high,27
83976.3232099358,484.9549913662486,3,2,FALSE,low,22
84564.48888755403,435.5236746254377,3,2,FALSE,med,16
77797.57346725091,429.7766004689038,3,2,FALSE,high,20
87623.7892312929,381.8001416279003,3,2,TRUE,low,19
90573.29940842465,407.6498352456838,3,2,TRUE,med,22
81988.0589202512,476.36893573217094,3,2,TRUE,high,19
79651.82993211783,414.6093646180816,3,2,TRUE,low,23
85036.21268318966,418.65241347113624,3,2,TRUE,med,20
84655.61907505617,456.46879504201934,3,2,TRUE,high,3
92891.69200346804,400.4307448398322,3,4,FALSE,low,24
81051.95951648057,496.9735260703601,3,4,FALSE,med,10
75828.77514651045,368.9654134446755,3,4,FALSE,high,35
94998.88817663305,449.834014615044,3,4,TRUE,low,23
75664.65517156757,424.36574215535074,3,4,TRUE,med,24
87298.9003895782,426.7590420204215,3,4,TRUE,high,50
83024.58202233538,461.96275831898674,3,4,TRUE,low,6
78097.20936929807,446.6798977460712,3,4,TRUE,med,30
81679.29950286634,449.9070937046781,3,4,TRUE,high,43
89687.70337523893,409.4546941458248,3,more,FALSE,low,18
93721.4317789767,481.1895267688669,3,more,FALSE,med,3
77352.75989980437,492.8883039858192,3,more,FALSE,high,43
89546.98013258167,356.7988240509294,3,more,TRUE,low,20
91700.05906489678,371.5743921115063,3,more,TRUE,med,38
75744.98504400253,405.6583089171909,3,more,TRUE,high,36
77282.16960676946,429.0327184367925,3,more,TRUE,low,4
79973.02673175,366.45798918325454,3,more,TRUE,med,39
89940.23874402046,448.22280526859686,3,more,TRUE,high,32
85014.29575844668,409.5933368313126,4,2,FALSE,low,9
77409.31388689205,462.6099035842344,4,2,FALSE,med,15
95320.96515176818,463.72284116223454,4,2,FALSE,high,20
93658.46713189968,367.55887627368793,4,2,TRUE,low,19
80099.48079707101,366.2917356356047,4,2,TRUE,med,15
85196.54009141959,350.73714025784284,4,2,TRUE,high,5
75111.28871119581,438.70992303127423,4,2,TRUE,low,5
79974.22709013335,354.1787881869823,4,2,TRUE,med,25
90235.05740915424,472.7905257022939,4,2,TRUE,high,6
92166.39419901183,432.7559613971971,4,4,FALSE,low,20
91678.09532373212,422.53211953211576,4,4,FALSE,med,6
98187.08077655174,474.0690276958048,4,4,FALSE,high,28
75644.37367836945,371.0678098606877,4,4,TRUE,low,25
82029.50762351975,446.3662024354562,4,4,TRUE,med,45
80708.37522973306,354.164306668099,4,4,TRUE,high,39
94934.2425505165,485.8307681628503,4,4,TRUE,low,17
87824.9554138165,435.5290857725777,4,4,TRUE,med,42
89628.86054068804,465.8358201151714,4,4,TRUE,high,41
95432.22265783696,480.85826948517933,4,more,FALSE,low,19
76196.23218779452,464.1439283150248,4,more,FALSE,med,1
86893.37444957346,465.9560403204523,4,more,FALSE,high,35
84140.83623792976,487.02857163734734,4,more,TRUE,low,11
80897.61374285445,370.43640189804137,4,more,TRUE,med,37
97432.5322371442,373.6324216122739,4,more,TRUE,high,45
89894.26564075984,424.795980041381,4,more,TRUE,low,7
81793.0955789052,463.0639491835609,4,more,TRUE,med,30
82934.01066912338,406.0494338045828,4,more,TRUE,high,32
92872.6337151602,360.1806425489485,5more,2,FALSE,low,2
85211.1596846953,419.7615881334059,5more,2,FALSE,med,6
89777.38700341433,493.7445632414892,5more,2,FALSE,high,5
92192.78268283232,382.96900504501536,5more,2,TRUE,low,20
90173.66381594913,462.1823873370886,5more,2,TRUE,med,21
95449.17270541193,388.32495239330456,5more,2,TRUE,high,4
78140.60575328767,382.1030182414688,5more,2,TRUE,low,13
93797.49074578284,394.11791837774217,5more,2,TRUE,med,12
97013.06945062242,460.97958573373035,5more,2,TRUE,high,5
88237.1244195383,415.4269955237396,5more,4,FALSE,low,21
78481.05215816759,477.6608983287588,5more,4,FALSE,med,11
89858.54557831772,426.5718850539997,5more,4,FALSE,high,32
84629.86135855317,383.37771230144426,5more,4,TRUE,low,15
82474.84044986777,350.6890161545016,5more,4,TRUE,med,36
92900.34632431345,448.0644063674845,5more,4,TRUE,high,33
75254.33689006604,429.95047526201233,5more,4,TRUE,low,21
99164.8311377503,380.5584205430932,5more,4,TRUE,med,48
97345.842118375,412.366064323578,5more,4,TRUE,high,45
96177.24558338524,403.6886400775984,5more,more,FALSE,low,7
83774.62710486725,451.9564896007069,5more,more,FALSE,med,15
78565.02427603118,480.95262876013294,5more,more,FALSE,high,32
94602.3931261152,459.0460428618826,5more,more,TRUE,low,20
92391.516873613,480.1764075295068,5more,more,TRUE,med,40
91301.77096812986,367.2185833682306,5more,more,TRUE,high,34
98562.95141507871,414.0722779673524,5more,more,TRUE,low,9
92749.72342536785,423.253935505636,5more,more,TRUE,med,46
90675.52614142188,489.3462728825398,5more,more,TRUE,high,32
71131.71755918302,1070.20768529037,2,2,FALSE,low,11
68736.28489556722,1010.4232651065104,2,2,FALSE,med,15
73816.15702761337,1233.9760384638794,2,2,FALSE,high,12
57562.46431265026,1089.6766155492514,2,2,TRUE,low,8
60707.97837455757,1121.3180641061626,2,2,TRUE,med,10
67798.04572579451,1109.6984202740714,2,2,TRUE,high,20
60546.95638595149,1230.9562134323642,2,2,TRUE,low,6
53582.06340461038,1083.5466120042838,2,2,TRUE,med,18
74765.3016995173,1075.5086604040116,2,2,TRUE,high,15
58142.63800275512,1086.9057550444268,2,4,FALSE,low,1
64808.239409467205,1132.687124365475,2,4,FALSE,med,25
64209.40458774567,1249.4548339163885,2,4,FALSE,high,39
60100.845323177055,1161.336271208711,2,4,TRUE,low,13
52670.28197995387,1122.1061284304596,2,4,TRUE,med,11
63355.18116829917,1241.0442738910206,2,4,TRUE,high,49
50987.7746575512,1111.5949168452062,2,4,TRUE,low,19
56049.52433495782,1132.2126218001358,2,4,TRUE,med,48
72010.97125071101,1219.52887828229,2,4,TRUE,high,49
68280.52727505565,1030.450027086772,2,more,FALSE,low,2
56734.78670651093,1175.3047585953027,2,more,FALSE,med,17
71240.48871919513,1064.6551620448008,2,more,FALSE,high,18
72620.81098160706,1176.758497604169,2,more,TRUE,low,18
71456.67404402047,1089.98812478967,2,more,TRUE,med,16
58762.90302257985,1246.6618231264874,2,more,TRUE,high,35
54347.119317390025,1045.4238687525503,2,more,TRUE,low,24
56110.36097398028,1119.482854148373,2,more,TRUE,med,47
72848.50086434744,1168.5128267272376,2,more,TRUE,high,26
55633.53899633512,1158.2475268514827,3,2,FALSE,low,6
51916.51295754127,1065.648146905005,3,2,FALSE,med,24
54740.72088254616,1083.548907423392,3,2,FALSE,high,2
60949.144314508885,1081.8045288324356,3,2,TRUE,low,20
73430.68009358831,1227.7758932905272,3,2,TRUE,med,5
64183.720672735944,1170.224449597299,3,2,TRUE,high,10
69846.95341670886,1108.048524649348,3,2,TRUE,low,14
68876.61656364799,1147.0535690896213,3,2,TRUE,med,1
60087.789507815614,1014.115908939857,3,2,TRUE,high,1
52669.06039323658,1030.713857326191,3,4,FALSE,low,20
57061.2542622257,1171.0293413489126,3,4,FALSE,med,25
50086.85422944836,1165.6426211702635,3,4,FALSE,high,43
56121.52994144708,1033.3930693450384,3,4,TRUE,low,24
60239.853855455294,1056.4538052421997,3,4,TRUE,med,13
68291.46015807055,1062.4664099304937,3,4,TRUE,high,44
52209.95160052553,1130.382279108744,3,4,TRUE,low,25
67096.59544285387,1160.4740790789947,3,4,TRUE,med,46
50260.656559839845,1187.9919969360344,3,4,TRUE,high,27
64996.805030386895,1030.7934073498473,3,more,FALSE,low,9
69317.0108657796,1245.9845872945152,3,more,FALSE,med,4
63730.232923990116,1165.1544829946945,3,more,FALSE,high,44
57264.85323975794,1183.629915525671,3,more,TRUE,low,22
62696.42521510832,1062.8206834662706,3,more,TRUE,med,29
57901.13308466971,1248.19387687603,3,more,TRUE,high,36
62593.01710524596,1066.0146969603377,3,more,TRUE,low,10
66207.3660059832,1133.9710694737732,3,more,TRUE,med,47
54534.362989943475,1030.1885930239223,3,more,TRUE,high,43
52493.19804133847,1101.0143285384402,4,2,FALSE,low,11
59749.22906025313,1158.4844148601403,4,2,FALSE,med,24
61689.159442903474,1016.707107599359,4,2,FALSE,high,8
50289.69218255952,1034.9574445281178,4,2,TRUE,low,23
66097.68312773667,1235.385241045151,4,2,TRUE,med,10
67453.03643983789,1162.607902835589,4,2,TRUE,high,12
61275.97996965051,1138.272438722197,4,2,TRUE,low,11
51799.17914210819,1222.109229187481,4,2,TRUE,med,1
50956.06395043433,1003.2484487746842,4,2,TRUE,high,11
72271.76626911387,1133.2650056574494,4,4,FALSE,low,24
63349.16583728045,1184.084397915285,4,4,FALSE,med,3
54409.6942525357,1096.6874051955529,4,4,FALSE,high,49
57174.42095628939,1205.5759486393072,4,4,TRUE,low,1
59036.33466223255,1043.342097720597,4,4,TRUE,med,32
66105.66214076243,1073.5664555686526,4,4,TRUE,high,46
66146.9759827014,1213.611755927559,4,4,TRUE,low,18
59822.64631311409,1129.0156177128663,4,4,TRUE,med,44
67881.02955324575,1123.048178269528,4,4,TRUE,high,43
62681.39588646591,1132.1634467458352,4,more,FALSE,low,20
64958.01708078943,1199.621805746574,4,more,FALSE,med,19
53903.946944046766,1041.1109136766754,4,more,FALSE,high,49
50356.74181999639,1094.017934810836,4,more,TRUE,low,24
51783.81757577881,1102.3453062516635,4,more,TRUE,med,40
59051.54728097841,1095.336157362908,4,more,TRUE,high,49
57200.83102933131,1090.4381873551756,4,more,TRUE,low,9
55678.75759443268,1088.3625146816485,4,more,TRUE,med,27
71717.25101652555,1017.5479825702496,4,more,TRUE,high,28
54868.42637183145,1249.7441063751469,5more,2,FALSE,low,25
73169.32222456671,1239.6688719745723,5more,2,FALSE,med,15
67872.58383119479,1191.4051602361724,5more,2,FALSE,high,10
61757.1801005397,1142.7455745870247,5more,2,TRUE,low,2
68915.55445617996,1048.9100230042825,5more,2,TRUE,med,6
55491.132620954886,1183.3958509378135,5more,2,TRUE,high,19
73172.44813311845,1128.383793286048,5more,2,TRUE,low,16
57023.795059649274,1127.1047744667158,5more,2,TRUE,med,9
67446.28516025841,1074.2195064667612,5more,2,TRUE,high,2
51565.18589355983,1092.1641786699183,5more,4,FALSE,low,10
68848.29355985858,1113.8309552916326,5more,4,FALSE,med,25
59696.32081105374,1100.0589986215346,5more,4,FALSE,high,42
64250.9640310891,1167.323252710048,5more,4,TRUE,low,6
53925.903217168525,1007.8206975595094,5more,4,TRUE,med,39
62651.04341437109,1130.3650788031518,5more,4,TRUE,high,37
69938.13883746043,1118.520360905677,5more,4,TRUE,low,3
53427.04468057491,1096.637449634727,5more,4,TRUE,med,49
56648.67506711744,1146.5189277078025,5more,4,TRUE,high,41
66975.00140871853,1138.88969324762,5more,more,FALSE,low,18
67383.0269894097,1038.7302477611229,5more,more,FALSE,med,2
69549.73207903095,1074.8993828310631,5more,more,FALSE,high,36
60487.62703430839,1006.9501831312664,5more,more,TRUE,low,16
67792.81756607816,1119.1281726933084,5more,more,TRUE,med,48
73038.38452789932,1088.783890649211,5more,more,TRUE,high,47
56197.49607867561,1200.348845392,5more,more,TRUE,low,1
72524.40701122396,1050.118859973736,5more,more,TRUE,med,30
73587.72702282295,1037.8301170421764,5more,more,TRUE,high,27
55100.8278678637,940.6047789379954,2,2,FALSE,low,14
73071.32058194838,988.2110243779608,2,2,FALSE,med,23
71378.18287592381,974.0018686861732,2,2,FALSE,high,1
63603.65843283944,817.912278289441,2,2,TRUE,low,16
65233.94261603244,762.2490079374984,2,2,TRUE,med,5
65721.44379024394,865.8437232952565,2,2,TRUE,high,23
71167.54582966678,912.186476169154,2,2,TRUE,low,12
50250.82582142204,763.2518472964875,2,2,TRUE,med,14
55432.02992994338,934.921328094788,2,2,TRUE,high,19
69124.90348913707,999.4398025446573,2,4,FALSE,low,3
68622.81672656536,933.8851323118432,2,4,FALSE,med,4
70899.64238111861,979.978955059778,2,4,FALSE,high,32
53514.133096905425,751.1653570691124,2,4,TRUE,low,6
64126.35971792042,953.8227792363614,2,4,TRUE,med,6
73235.73876055889,913.2562075392344,2,4,TRUE,high,39
68615.80586992204,768.4761569253169,2,4,TRUE,low,18
68058.68084193207,956.186167546548,2,4,TRUE,med,40
60353.291215142235,941.010727721732,2,4,TRUE,high,34
62728.513893671334,966.9735098141246,2,more,FALSE,low,1
55060.867028078064,868.1485624983907,2,more,FALSE,med,5
73758.76613659784,852.076685638167,2,more,FALSE,high,17
53231.91463830881,781.6594669711776,2,more,TRUE,low,24
58215.88294347748,954.1183823603204,2,more,TRUE,med,22
64963.92135741189,834.8492770455778,2,more,TRUE,high,30
58625.81093679182,853.7071675527841,2,more,TRUE,low,3
61453.34729808383,867.1868449891917,2,more,TRUE,med,34
63094.98384944163,849.8840590473264,2,more,TRUE,high,34
68533.97035156377,860.6628187699243,3,2,FALSE,low,15
68017.4503591843,888.8260480598547,3,2,FALSE,med,6
70185.18663826399,852.9200855991803,3,2,FALSE,high,15
74620.72049384005,977.8428508434444,3,2,TRUE,low,23
57493.711850838736,893.6900600674562,3,2,TRUE,med,19
69577.50992733054,956.3011465361342,3,2,TRUE,high,5
62295.1217694208,930.8559442288242,3,2,TRUE,low,5
55515.54075209424,953.4087472129612,3,2,TRUE,med,18
71424.59161696024,942.5595877692105,3,2,TRUE,high,18
73451.54025242664,968.7325398554094,3,4,FALSE,low,16
60448.38381931186,819.68753534602,3,4,FALSE,med,25
70283.57430826873,949.4193427381106,3,4,FALSE,high,26
57450.43738279492,836.0264868824743,3,4,TRUE,low,15
60213.71534443461,799.7557471971959,3,4,TRUE,med,12
73550.93754595146,860.2530828211457,3,4,TRUE,high,42
64744.92390989326,974.8286318499596,3,4,TRUE,low,5
50817.75314756669,965.9068958135322,3,4,TRUE,med,36
51540.829573059455,984.1560482163914,3,4,TRUE,high,32
55506.48965872824,769.5485887234099,3,more,FALSE,low,25
63938.206498278305,879.6630082069896,3,more,FALSE,med,11
52016.225998522714,756.2186350114644,3,more,FALSE,high,46
51722.82685525715,999.1613255697304,3,more,TRUE,low,9
61730.8720597066,782.0067062275484,3,more,TRUE,med,43
67896.88899298199,842.8599781473167,3,more,TRUE,high,38
62020.004604710266,898.5298346960917,3,more,TRUE,low,25
54315.155831864104,958.307913155295,3,more,TRUE,med,41
73478.91509416513,959.120559564326,3,more,TRUE,high,26
73381.71725859866,987.6149131450802,4,2,FALSE,low,22
58836.301165865734,887.4314002459869,4,2,FALSE,med,22
56543.00449532457,984.8741898313164,4,2,FALSE,high,21
67126.78390322253,858.8614804903045,4,2,TRUE,low,5
50184.320635162294,888.1604024791159,4,2,TRUE,med,5
66563.91379074194,788.3575482410379,4,2,TRUE,high,15
58311.39407819137,759.507084148936,4,2,TRUE,low,16
59008.262591669336,972.0490881009028,4,2,TRUE,med,17
66310.67597772926,960.7256656163372,4,2,TRUE,high,22
64242.33861616813,859.847488347441,4,4,FALSE,low,7
67100.7637749426,949.1348465089686,4,4,FALSE,med,24
64768.081065267324,795.6646207021549,4,4,FALSE,high,26
65066.15427788347,810.2133022039197,4,4,TRUE,low,2
53179.87519665621,887.0318066910841,4,4,TRUE,med,31
72224.28320674226,917.3230875167064,4,4,TRUE,high,33
53633.95009189844,827.6711662765592,4,4,TRUE,low,1
55527.301935944706,921.961901593022,4,4,TRUE,med,35
51235.24889932014,908.144515764434,4,4,TRUE,high,37
56300.27081351727,770.7836018525995,4,more,FALSE,low,24
60442.103596869856,887.0551810832694,4,more,FALSE,med,20
68642.39099668339,993.8732715090736,4,more,FALSE,high,26
54952.88165402599,894.5914884679951,4,more,TRUE,low,25
55415.35944794305,821.4396684779786,4,more,TRUE,med,29
73030.11213662103,915.4177950695156,4,more,TRUE,high,40
56305.78614072874,995.196073083207,4,more,TRUE,low,4
51199.95401473716,764.5177370286547,4,more,TRUE,med,38
53064.89390786737,904.9276957521216,4,more,TRUE,high,47
67108.72643743642,993.6591537552886,5more,2,FALSE,low,17
50241.7984243948,856.6094011766836,5more,2,FALSE,med,6
57521.77486428991,790.0963629363105,5more,2,FALSE,high,6
60468.972846865654,777.9680466046557,5more,2,TRUE,low,4
73247.81598872505,974.2308516288176,5more,2,TRUE,med,13
60965.22324369289,775.8370459778234,5more,2,TRUE,high,20
51018.36187532171,990.7417498761788,5more,2,TRUE,low,17
70295.5388405826,808.81597957341,5more,2,TRUE,med,1
50182.58548225276,991.4657316403463,5more,2,TRUE,high,13
53888.361260760576,840.9304925007746,5more,4,FALSE,low,19
69250.28653931804,951.9736330257728,5more,4,FALSE,med,20
58443.835156504065,971.0434244479984,5more,4,FALSE,high,44
60592.94568258338,829.4137070188299,5more,4,TRUE,low,17
65700.27161506005,839.1214964794926,5more,4,TRUE,med,29
63755.55010163225,903.1569061917252,5more,4,TRUE,high,26
53781.00999514572,987.613895558752,5more,4,TRUE,low,1
53843.73412234709,824.6228208881803,5more,4,TRUE,med,37
69530.56350466795,938.8004008796996,5more,4,TRUE,high,31
55078.934953780845,919.6482223924248,5more,more,FALSE,low,16
56353.61114982515,933.8188771507704,5more,more,FALSE,med,3
56096.3282128796,751.9594404147938,5more,more,FALSE,high,50
53093.49188464694,770.1173741952516,5more,more,TRUE,low,16
60319.12285834551,769.7716862312518,5more,more,TRUE,med,47
54532.586166169494,804.9666929291561,5more,more,TRUE,high,43
71186.86143076047,840.1271375478245,5more,more,TRUE,low,24
66762.93897908181,868.399199040141,5more,more,TRUE,med,49
72441.79990375414,876.1751681449823,5more,more,TRUE,high,41
62387.83397129737,522.8472127928399,2,2,FALSE,low,23
52038.96544408053,626.8632876453921,2,2,FALSE,med,11
52411.09326016158,518.6893700156361,2,2,FALSE,high,9
59249.883180018514,562.7412134199403,2,2,TRUE,low,17
65791.91912896931,706.322563579306,2,2,TRUE,med,17
74784.72011280246,546.1621097638272,2,2,TRUE,high,17
67775.94378800131,597.5430635735393,2,2,TRUE,low,1
55554.06322237104,711.7837063851766,2,2,TRUE,med,16
68880.23845967837,503.68221261305735,2,2,TRUE,high,11
57302.48325271532,572.7311497903429,2,4,FALSE,low,19
58490.375510882586,575.1280267722905,2,4,FALSE,med,31
52802.07323958166,543.7856857897714,2,4,FALSE,high,34
55372.64603772201,634.0476404875517,2,4,TRUE,low,23
60362.44115093723,624.8861568747088,2,4,TRUE,med,49
74545.81010970287,621.7274248483591,2,4,TRUE,high,36
54411.57111781649,526.6473281662911,2,4,TRUE,low,9
67523.74809002504,628.9236764423549,2,4,TRUE,med,26
69942.29381671175,508.79042071755975,2,4,TRUE,high,100
66620.92395708896,674.9357734224759,2,more,FALSE,low,12
64355.510810855776,675.5741906235926,2,more,FALSE,med,1
57837.92393631302,621.6373568749987,2,more,FALSE,high,11
68949.00795887224,669.7429805062711,2,more,TRUE,low,21
68609.58456527442,533.7545353686437,2,more,TRUE,med,30
67929.74927229807,574.4308540015481,2,more,TRUE,high,49
51060.01966050826,679.3745022150688,2,more,TRUE,low,17
54927.70377895795,573.7737067393027,2,more,TRUE,med,38
51984.65303983539,684.3451861059293,2,more,TRUE,high,90
64311.23185320757,680.6625783792697,3,2,FALSE,low,5
58453.24228866957,726.5420714975335,3,2,FALSE,med,23
70673.50870347582,647.4681161344051,3,2,FALSE,high,4
54538.51939528249,596.665061544627,3,2,TRUE,low,25
50419.17936760001,566.9152470072731,3,2,TRUE,med,18
56149.97182856314,745.1285815332085,3,2,TRUE,high,12
50046.70956986956,747.2834415384568,3,2,TRUE,low,19
65761.63758290932,664.5581133197993,3,2,TRUE,med,16
68747.26937385276,663.016218401026,3,2,TRUE,high,17
73006.84039364569,745.015578577295,3,4,FALSE,low,8
63799.599080812186,501.1805599206127,3,4,FALSE,med,42
63601.18741868064,639.0535078244284,3,4,FALSE,high,37
50901.420949958265,689.7929716506042,3,4,TRUE,low,1
60788.07322192006,588.5250754654408,3,4,TRUE,med,27
51536.35992319323,615.4965815367177,3,4,TRUE,high,45
71942.78583629057,746.7589117004536,3,4,TRUE,low,6
59967.91957877576,625.5752145661972,3,4,TRUE,med,30
70860.504131997,701.2382291140966,3,4,TRUE,high,98
66453.26601574197,684.9101386032999,3,more,FALSE,low,25
51588.1642641034,563.0933852517046,3,more,FALSE,med,44
69601.18768620305,503.8454979658127,3,more,FALSE,high,39
70831.98729087599,597.4888463388197,3,more,TRUE,low,15
57810.739899287,623.919625999406,3,more,TRUE,med,39
53907.506982795894,670.4672642517835,3,more,TRUE,high,94
71207.19772065058,568.0093434639275,3,more,TRUE,low,19
55268.16081837751,563.88808588963,3,more,TRUE,med,37
50387.860665796325,536.7478185798973,3,more,TRUE,high,99
67108.51266980171,613.9354432234541,4,2,FALSE,low,18
59232.540969969705,551.9257494597696,4,2,FALSE,med,9
64294.76907942444,719.5974150090478,4,2,FALSE,high,3
56750.92610181309,619.29798865458,4,2,TRUE,low,9
60735.35745381378,596.1073398939334,4,2,TRUE,med,10
63029.85857473686,670.3430712223053,4,2,TRUE,high,3
74291.04735492729,685.7532980502583,4,2,TRUE,low,7
70546.64104944095,590.1387569610961,4,2,TRUE,med,3
55736.47196870297,583.9670554851182,4,2,TRUE,high,21
53528.17651582882,688.9201775193214,4,4,FALSE,low,23
73767.4770411104,604.2569940909743,4,4,FALSE,med,46
69720.97649704665,585.1396005600691,4,4,FALSE,high,40
57254.88383322954,535.0521253421903,4,4,TRUE,low,2
56946.41279987991,676.881340215914,4,4,TRUE,med,43
54087.41467399523,575.3773675533012,4,4,TRUE,high,83
60282.39133884199,552.3383925901726,4,4,TRUE,low,5
74511.01740589365,718.8246516161598,4,4,TRUE,med,37
59118.93240408972,590.4462828184478,4,4,TRUE,high,90
71159.02789519168,668.1763962842524,4,more,FALSE,low,16
68300.76089827344,643.3954869862646,4,more,FALSE,med,26
50768.57006060891,677.1769163315184,4,more,FALSE,high,39
53596.09755105339,518.1801113067195,4,more,TRUE,low,13
59152.37528970465,655.906404426787,4,more,TRUE,med,44
63680.41523382999,681.1365242465399,4,more,TRUE,high,84
62022.6917497348,619.268071022816,4,more,TRUE,low,24
72617.83371213824,544.7259293287061,4,more,TRUE,med,41
74124.35933365487,598.7372578820214,4,more,TRUE,high,84
51508.00060946494,696.7757431557402,5more,2,FALSE,low,10
53611.94899887778,520.6829701201059,5more,2,FALSE,med,14
64074.79901681654,605.3865257417783,5more,2,FALSE,high,17
72471.53747593984,705.5092298542149,5more,2,TRUE,low,25
74225.36038211547,541.1836444400251,5more,2,TRUE,med,25
55465.929047204554,656.8834893405437,5more,2,TRUE,high,22
60820.175969274715,683.9902122155763,5more,2,TRUE,low,13
57732.75088286027,596.9629866885953,5more,2,TRUE,med,17
58079.91754845716,527.6960734045133,5more,2,TRUE,high,1
50656.74575744197,653.6182028939947,5more,4,FALSE,low,17
51192.126591922715,521.5152395539917,5more,4,FALSE,med,48
59230.755554744974,511.3983104820363,5more,4,FALSE,high,39
70027.61170151643,539.4054619828239,5more,4,TRUE,low,15
52960.78998944722,598.2559998519719,5more,4,TRUE,med,43
69261.7047810927,702.7891232282855,5more,4,TRUE,high,79
62175.50223809667,665.439922537189,5more,4,TRUE,low,3
73268.6860661488,521.3804532540962,5more,4,TRUE,med,40
56314.633443253115,736.3281029392965,5more,4,TRUE,high,88
63411.87271755189,613.4458403103054,5more,more,FALSE,low,21
59825.11187903583,508.9922964689322,5more,more,FALSE,med,40
50563.22829914279,521.1509126820602,5more,more,FALSE,high,49
50335.064239334315,599.9689879827201,5more,more,TRUE,low,23
64136.02320244536,670.5476882052608,5more,more,TRUE,med,34
56887.159391772,738.3019283297472,5more,more,TRUE,high,95
53606.749908067286,739.2254321021028,5more,more,TRUE,low,11
55128.458340186626,540.5781511799432,5more,more,TRUE,med,46
63456.12718141638,728.8145479978994,5more,more,TRUE,high,76
71348.02249493077,475.8304158458486,2,2,FALSE,low,10
53446.59460242838,483.0824371776544,2,2,FALSE,med,23
58360.88287178427,403.0670568579808,2,2,FALSE,high,1
66063.56733245775,419.9629503651522,2,2,TRUE,low,10
66812.97922623344,398.5897051752545,2,2,TRUE,med,3
60955.70584293455,365.37957303225994,2,2,TRUE,high,4
54463.48921395838,442.5730786053464,2,2,TRUE,low,10
51794.50425785035,450.45349680585787,2,2,TRUE,med,10
53258.29989160411,355.4945175652392,2,2,TRUE,high,14
61718.73803832568,367.5097842002287,2,4,FALSE,low,7
73641.65124017745,460.7135461177677,2,4,FALSE,med,35
56198.04781163111,499.4589970796369,2,4,FALSE,high,57
64747.557387454435,481.77044155308977,2,4,TRUE,low,16
50425.14271335676,463.03141203243285,2,4,TRUE,med,26
74185.15544268303,456.6958440002054,2,4,TRUE,high,52
68651.76787250675,425.72855841135606,2,4,TRUE,low,23
54215.37534566596,389.41264008171856,2,4,TRUE,med,53
74712.98461896367,385.8740162220783,2,4,TRUE,high,89
69193.63944325596,466.593679075595,2,more,FALSE,low,4
55895.57795319706,396.8064182554372,2,more,FALSE,med,22
60596.039990196005,400.2342742169276,2,more,FALSE,high,2
57130.47420140356,493.58558759558946,2,more,TRUE,low,13
55289.24798709341,420.5024691997096,2,more,TRUE,med,37
53652.56433724426,467.3301478032954,2,more,TRUE,high,66
72780.09927249514,454.1940869181417,2,more,TRUE,low,15
52192.972059128806,383.80455841543153,2,more,TRUE,med,75
63338.3369888179,478.3984658890404,2,more,TRUE,high,86
54107.360751368105,385.0541315972805,3,2,FALSE,low,19
72891.23027585447,482.7486452762969,3,2,FALSE,med,25
50376.07928970829,481.40096076531336,3,2,FALSE,high,25
51437.69519054331,361.6776566021144,3,2,TRUE,low,17
68700.2521357499,352.61927377432585,3,2,TRUE,med,8
64601.86201147735,462.7445678692311,3,2,TRUE,high,4
59298.92504354939,435.7108981581405,3,2,TRUE,low,2
70999.55591838807,428.2058074371889,3,2,TRUE,med,3
71628.2811597921,496.3214064948261,3,2,TRUE,high,7
68762.27637985721,376.7203406547196,3,4,FALSE,low,10
55318.07098304853,472.8209797409363,3,4,FALSE,med,49
53513.80661595613,488.3286200114526,3,4,FALSE,high,64
68169.95345288888,373.1880374834873,3,4,TRUE,low,4
70541.19320237078,499.38442999264225,3,4,TRUE,med,50
73224.55458925106,451.3206218369305,3,4,TRUE,high,62
70394.76361242123,464.8650674847886,3,4,TRUE,low,10
64683.56772093102,409.0173528413288,3,4,TRUE,med,52
64864.67028153129,353.04318636190146,3,4,TRUE,high,90
62339.052150491625,450.8951076073572,3,more,FALSE,low,24
67467.15992339887,449.6148958452977,3,more,FALSE,med,30
58243.281609611586,484.48469343129545,3,more,FALSE,high,59
71037.88925451227,473.8187194801867,3,more,TRUE,low,1
62706.0886239633,423.2842779601924,3,more,TRUE,med,59
52521.460969001055,427.9417910380289,3,more,TRUE,high,98
71711.90210501663,429.2577041196637,3,more,TRUE,low,25
74291.97858436964,484.3243770301342,3,more,TRUE,med,69
55251.40836252831,412.71651934366673,3,more,TRUE,high,78
65453.5949928686,426.429892226588,4,2,FALSE,low,4
60580.32971341163,453.6585433059372,4,2,FALSE,med,3
65963.0870912224,499.1724907420576,4,2,FALSE,high,20
71697.88058381528,380.8308930252678,4,2,TRUE,low,15
67126.19181489572,489.63615625398234,4,2,TRUE,med,12
61354.0010061115,388.5971222887747,4,2,TRUE,high,3
61868.77416912466,359.32354209944606,4,2,TRUE,low,15
56227.99059492536,361.709025001619,4,2,TRUE,med,18
69275.85020312108,494.98933310387656,4,2,TRUE,high,11
65080.89996641502,490.69057889282703,4,4,FALSE,low,23
65211.94130182266,424.13894231431186,4,4,FALSE,med,28
53331.10063220374,403.7065542303026,4,4,FALSE,high,54
72030.1540568471,407.4737888411619,4,4,TRUE,low,12
54844.09028431401,486.4033848978579,4,4,TRUE,med,74
54108.13491907902,420.4959535622038,4,4,TRUE,high,81
64519.74847004749,360.2350452565588,4,4,TRUE,low,24
70162.76397625916,401.37321535730734,4,4,TRUE,med,65
57840.13454685919,454.7080109827221,4,4,TRUE,high,89
71220.45420692302,462.0336782652885,4,more,FALSE,low,20
74523.96966400556,385.2247691946104,4,more,FALSE,med,40
55549.87523937598,409.3626581248827,4,more,FALSE,high,61
50066.93140603602,366.1048906156793,4,more,TRUE,low,2
71920.28239369392,462.00955965323374,4,more,TRUE,med,65
68011.73120038584,389.63362417416647,4,more,TRUE,high,88
58940.35014207475,486.4259640336968,4,more,TRUE,low,21
66554.12578838877,480.87837564526126,4,more,TRUE,med,52
69470.71814211085,478.645031969063,4,more,TRUE,high,97
61804.824764840305,474.7565294150263,5more,2,FALSE,low,12
58644.37464042567,469.03349567437544,5more,2,FALSE,med,18
57268.8844113145,442.0313357724808,5more,2,FALSE,high,2
73812.51195329241,438.9203619910404,5more,2,TRUE,low,21
62393.70272960514,413.6825904715806,5more,2,TRUE,med,11
61415.048368508,491.2495102849789,5more,2,TRUE,high,23
69836.52533963323,495.9967899136245,5more,2,TRUE,low,20
55450.13839728199,490.4268983285874,5more,2,TRUE,med,11
68719.38282856718,473.2669544755481,5more,2,TRUE,high,11
59546.33189248853,416.5892922785133,5more,4,FALSE,low,20
58687.48695356771,431.2864795560017,5more,4,FALSE,med,26
61614.29887870327,365.0823554256931,5more,4,FALSE,high,61
50414.65436806902,401.53849768685177,5more,4,TRUE,low,19
65393.41571042314,386.4301279070787,5more,4,TRUE,med,71
54837.039846461266,447.1191803342663,5more,4,TRUE,high,87
61704.91598895751,498.6425977549516,5more,4,TRUE,low,24
60894.05887178145,372.9206222225912,5more,4,TRUE,med,67
68906.56985924579,402.3854727274738,5more,4,TRUE,high,85
60302.12235637009,498.5956523916684,5more,more,FALSE,low,7
50580.28775383718,453.1668740673922,5more,more,FALSE,med,26
64166.826294967905,485.2842063293792,5more,more,FALSE,high,57
59343.11792370863,368.23926804354414,5more,more,TRUE,low,6
53544.45306584239,450.7504757726565,5more,more,TRUE,med,62
70885.0804308895,432.2562003741041,5more,more,TRUE,high,80
68543.2618658524,399.2439773282967,5more,more,TRUE,low,25
57522.14759704657,377.7907584095374,5more,more,TRUE,med,65
64819.340308895335,384.1823058202863,5more,more,TRUE,high,76
45372.21995647997,1022.32178975828,2,2,FALSE,low,12
36936.01942737587,1030.363510188181,2,2,FALSE,med,5
36613.418851047754,1007.5749321258628,2,2,FALSE,high,21
47987.95886919834,1125.6010649376549,2,2,TRUE,low,24
36362.12267098017,1194.011217507068,2,2,TRUE,med,21
35493.043046444654,1035.2930341032334,2,2,TRUE,high,24
45068.524703383446,1086.044009134639,2,2,TRUE,low,17
44200.62968623824,1217.5737881916575,2,2,TRUE,med,8
39518.01304589026,1044.8666500742547,2,2,TRUE,high,5
49515.94148413278,1033.77162682591,2,4,FALSE,low,1
41241.52617296204,1179.2622358188964,2,4,FALSE,med,15
38506.21883524582,1139.1379460692406,2,4,FALSE,high,46
37407.76231512427,1041.9093579403125,2,4,TRUE,low,18
44456.74920105375,1073.6851083347574,2,4,TRUE,med,6
44505.33157098107,1040.649380302057,2,4,TRUE,high,31
47785.4102558922,1092.983829556033,2,4,TRUE,low,13
44054.949348792434,1030.3048801142722,2,4,TRUE,med,27
43558.08359920047,1074.6871166629717,2,4,TRUE,high,41
44283.34273281507,1050.4101054393686,2,more,FALSE,low,19
47067.42130569182,1153.0933796311729,2,more,FALSE,med,11
40528.68662052788,1120.9987385664135,2,more,FALSE,high,19
49632.81929027289,1057.1181253762916,2,more,TRUE,low,1
48626.9750748761,1034.210647456348,2,more,TRUE,med,3
45837.44752104394,1113.3166076615453,2,more,TRUE,high,49
47141.21247990988,1036.3939465023575,2,more,TRUE,low,23
47319.49450215325,1183.6491082794964,2,more,TRUE,med,37
47279.913482489064,1049.7201305697672,2,more,TRUE,high,37
49771.09541068785,1023.0961006018332,3,2,FALSE,low,23
44149.09289451316,1149.2947491351515,3,2,FALSE,med,14
49253.83638241328,1055.1989825908097,3,2,FALSE,high,16
40603.0370912049,1116.4510272210464,3,2,TRUE,low,23
44996.42753275111,1080.983453488443,3,2,TRUE,med,1
42639.132785843685,1169.0125953173265,3,2,TRUE,high,15
44288.58992643654,1094.3955581169575,3,2,TRUE,low,11
40692.61449738406,1181.2004869570956,3,2,TRUE,med,5
39627.95842788182,1052.4583042715676,3,2,TRUE,high,9
38799.49929425493,1117.2986819874495,3,4,FALSE,low,11
46759.917514864355,1123.593480384443,3,4,FALSE,med,5
38714.409517124295,1051.9203586154615,3,4,FALSE,high,41
41349.15195405483,1025.5681132548489,3,4,TRUE,low,11
43558.374157873914,1086.120797903277,3,4,TRUE,med,5
44540.025043534115,1013.9845627127216,3,4,TRUE,high,35
35907.87934605032,1067.326444259379,3,4,TRUE,low,24
45642.17746607028,1123.3294064295478,3,4,TRUE,med,35
42026.67667646893,1144.4810614921153,3,4,TRUE,high,39
36226.26397525892,1087.4982456443831,3,more,FALSE,low,19
41962.94511668384,1221.769201743882,3,more,FALSE,med,15
48000.01792027615,1174.6009127236905,3,more,FALSE,high,47
48127.74185673334,1009.5029322546908,3,more,TRUE,low,25
41843.86493754573,1109.103220864199,3,more,TRUE,med,33
49703.16184917465,1048.358641739469,3,more,TRUE,high,33
49648.62000895664,1044.5745019242167,3,more,TRUE,low,12
49677.676061401144,1242.1115485485643,3,more,TRUE,med,27
41423.87199681252,1080.4497824283317,3,more,TRUE,high,39
45683.62587597221,1030.5077009252273,4,2,FALSE,low,12
42937.61229142547,1167.002720932942,4,2,FALSE,med,15
35111.05221230537,1182.319067476783,4,2,FALSE,high,4
42344.71743111499,1003.056364308577,4,2,TRUE,low,2
49601.02022159845,1006.4052137895488,4,2,TRUE,med,9
49401.95522853173,1224.5883427676745,4,2,TRUE,high,17
42540.496428264305,1172.8922594338655,4,2,TRUE,low,7
42201.929569710046,1025.507619662676,4,2,TRUE,med,18
41323.93332198262,1015.9025251632556,4,2,TRUE,high,13
39832.50274439342,1236.7114094668068,4,4,FALSE,low,22
48248.56076040305,1090.2550964965485,4,4,FALSE,med,17
44858.52751531638,1192.487250897102,4,4,FALSE,high,45
49135.812256718054,1097.839290741831,4,4,TRUE,low,4
47177.2704704199,1089.0640611760318,4,4,TRUE,med,32
49600.257583661005,1115.6854978762567,4,4,TRUE,high,47
41791.02265741676,1014.4249655422756,4,4,TRUE,low,11
37546.13353521563,1165.6848801649176,4,4,TRUE,med,39
46098.7335362006,1113.2526621804573,4,4,TRUE,high,42
41999.97997959144,1052.452580537647,4,more,FALSE,low,10
40493.19712910801,1046.1763236671686,4,more,FALSE,med,14
41933.495317352936,1156.3250016770326,4,more,FALSE,high,47
44611.49998707697,1153.4859588718973,4,more,TRUE,low,24
39035.94404109754,1057.950529444497,4,more,TRUE,med,38
37929.59409765899,1021.9412387232296,4,more,TRUE,high,45
38371.54118111357,1127.6176603278143,4,more,TRUE,low,19
45967.48102107085,1061.3894439302385,4,more,TRUE,med,40
38005.96562330611,1130.084254371468,4,more,TRUE,high,49
46112.96865507029,1167.0317097450609,5more,2,FALSE,low,14
39038.798334077,1181.7782620782964,5more,2,FALSE,med,15
35602.60121594183,1013.727710931562,5more,2,FALSE,high,23
35297.87256149575,1023.8985646283254,5more,2,TRUE,low,17
40331.84925094247,1238.4229664457962,5more,2,TRUE,med,11
48278.588191606104,1084.133816184476,5more,2,TRUE,high,15
47873.64770658314,1106.0746883158572,5more,2,TRUE,low,20
39683.46945359371,1230.5995911592618,5more,2,TRUE,med,25
36478.09882182628,1039.005012717098,5more,2,TRUE,high,3
36092.1910055913,1033.8980287779125,5more,4,FALSE,low,7
44752.59009748697,1080.6309204199351,5more,4,FALSE,med,6
38735.73474469595,1173.0069907498546,5more,4,FALSE,high,35
44887.718523386866,1140.4944254900329,5more,4,TRUE,low,15
46502.11858795956,1218.8633243204094,5more,4,TRUE,med,32
44902.21264655702,1090.943639341276,5more,4,TRUE,high,33
47187.58410890587,1005.4790307767688,5more,4,TRUE,low,8
43455.867865122855,1087.496793072205,5more,4,TRUE,med,29
40748.91789583489,1025.206051999703,5more,4,TRUE,high,34
41967.34573459253,1164.7969075129367,5more,more,FALSE,low,4
49775.21960041486,1234.440149681177,5more,more,FALSE,med,18
48181.547661079094,1164.6829950623214,5more,more,FALSE,high,39
38329.169179778546,1128.1187532586046,5more,more,TRUE,low,2
45782.62184862979,1006.0544468578884,5more,more,TRUE,med,39
43621.795639628544,1206.6055824398063,5more,more,TRUE,high,50
42662.416259991005,1107.405386690516,5more,more,TRUE,low,17
40407.60979522019,1190.3852845425718,5more,more,TRUE,med,47
40579.98101809062,1096.103475603741,5more,more,TRUE,high,40
48953.13490065746,953.7276797927916,2,2,FALSE,low,3
46554.68213488348,802.2297766874544,2,2,FALSE,med,7
44625.65942085348,800.2361868857406,2,2,FALSE,high,9
46349.81209062971,803.9805162115954,2,2,TRUE,low,6
44509.19181108475,918.864616774954,2,2,TRUE,med,8
40353.68842887692,822.8480828693137,2,2,TRUE,high,22
43774.44834797643,956.1852837214246,2,2,TRUE,low,6
40080.35815670155,911.0552528291008,2,2,TRUE,med,19
43643.411031225696,751.9699789700098,2,2,TRUE,high,1
42359.72255351953,938.0285464576446,2,4,FALSE,low,5
45789.40600040369,830.0521346391179,2,4,FALSE,med,48
42126.17397774011,769.9107474763878,2,4,FALSE,high,45
42929.74054231309,963.7416066834704,2,4,TRUE,low,9
39640.88489417918,832.6771914726123,2,4,TRUE,med,42
39428.162295371294,964.0639084973373,2,4,TRUE,high,50
43121.4999454096,768.7929223175161,2,4,TRUE,low,22
41131.64652255364,774.0147012518719,2,4,TRUE,med,40
49125.74866088107,905.2791805006564,2,4,TRUE,high,91
37538.736833957955,888.3938395301811,2,more,FALSE,low,21
40032.94427646324,840.7477550208569,2,more,FALSE,med,17
49047.19161684625,957.4962528422476,2,more,FALSE,high,7
37074.390441412106,888.7091042124666,2,more,TRUE,low,20
46443.394446978346,827.3124716361053,2,more,TRUE,med,48
46717.57347765379,971.653898304794,2,more,TRUE,high,28
45621.99641019106,819.5238267071545,2,more,TRUE,low,16
49208.441734081134,908.5218926775268,2,more,TRUE,med,31
44228.58642763458,981.5732620190828,2,more,TRUE,high,92
48233.66608354263,858.9330855756998,3,2,FALSE,low,21
40373.00223018974,887.9001169116236,3,2,FALSE,med,18
44713.63592892885,835.4507677722722,3,2,FALSE,high,1
49952.32056011446,926.1680010240524,3,2,TRUE,low,20
36547.22066479735,799.3426522589289,3,2,TRUE,med,16
46757.239137077704,757.0659727789462,3,2,TRUE,high,10
44661.47788800299,760.2337744901888,3,2,TRUE,low,14
46318.24404816143,879.6603924711235,3,2,TRUE,med,1
42706.377658760175,779.4305439456366,3,2,TRUE,high,13
36113.91184502281,872.8298334171996,3,4,FALSE,low,11
42094.79822660796,928.6416632239708,3,4,FALSE,med,32
49029.71321484074,764.511888846755,3,4,FALSE,high,33
45372.16886179522,761.625095794443,3,4,TRUE,low,24
43655.93105205335,844.0417321398854,3,4,TRUE,med,34
47180.93283823691,935.4730153572746,3,4,TRUE,high,38
38285.449197283015,966.5465722209774,3,4,TRUE,low,4
38760.128213325515,755.1461121765897,3,4,TRUE,med,41
46281.414293916896,767.2680726391263,3,4,TRUE,high,84
42959.654887672514,918.2373378425837,3,more,FALSE,low,16
39775.15719947405,770.1143905287609,3,more,FALSE,med,36
41267.416642513126,931.7258798400871,3,more,FALSE,high,35
45996.623885584995,927.147840440739,3,more,TRUE,low,23
44105.14212679118,772.6708383997902,3,more,TRUE,med,31
36468.11696351506,942.8241040441208,3,more,TRUE,high,90
45816.803644411266,808.2790665212087,3,more,TRUE,low,21
41594.733610982075,830.2905971650034,3,more,TRUE,med,42
42330.72152128443,800.5177534651011,3,more,TRUE,high,100
35451.61168673076,777.4111197795719,4,2,FALSE,low,3
45670.40907451883,965.4733389616011,4,2,FALSE,med,8
49823.56968685053,767.9205983877182,4,2,FALSE,high,10
45691.88752328046,909.3775037908928,4,2,TRUE,low,4
48668.4023658745,808.7559579871595,4,2,TRUE,med,4
35869.265077635646,758.6431259405799,4,2,TRUE,high,22
35847.28721762076,989.7562401602044,4,2,TRUE,low,21
38472.00474119745,925.7640343857928,4,2,TRUE,med,23
37848.17050211131,818.3769868919626,4,2,TRUE,high,10
47070.04874944687,792.80935972929,4,4,FALSE,low,13
43637.43974594399,783.6156518897042,4,4,FALSE,med,31
35288.562439382076,956.6114665940404,4,4,FALSE,high,48
48409.76076084189,851.168958703056,4,4,TRUE,low,8
48962.19161339104,946.5736405109056,4,4,TRUE,med,33
36326.47986407392,964.9060412775724,4,4,TRUE,high,96
47311.93957501091,989.8496894165874,4,4,TRUE,low,14
36785.80402978696,903.1083018053324,4,4,TRUE,med,47
45560.38279668428,787.6780303195119,4,4,TRUE,high,99
47866.85353494249,840.8754422562197,4,more,FALSE,low,9
35274.436997715384,786.2355177639984,4,more,FALSE,med,45
37739.68287976459,803.9925162447616,4,more,FALSE,high,45
47071.420514257625,823.0669342447072,4,more,TRUE,low,1
36612.04254254699,916.0078214481472,4,more,TRUE,med,36
42529.99432967045,923.8940204959364,4,more,TRUE,high,76
45524.37263540923,767.2442046459764,4,more,TRUE,low,11
42315.75762736611,983.7890951894224,4,more,TRUE,med,29
39476.83312930167,768.3851496549323,4,more,TRUE,high,82
46926.010311581194,867.4151208833791,5more,2,FALSE,low,11
44618.76714951359,804.6006087679416,5more,2,FALSE,med,21
44456.12968062051,978.7281617172994,5more,2,FALSE,high,9
46327.09530647844,989.2971948720516,5more,2,TRUE,low,17
38685.01651566475,882.5362305506133,5more,2,TRUE,med,20
44292.35081304796,989.9477646686136,5more,2,TRUE,high,3
46193.00013175234,898.3643479296006,5more,2,TRUE,low,3
38830.4670213256,893.6958318226971,5more,2,TRUE,med,2
36403.495577396825,962.7824737108313,5more,2,TRUE,high,11
47560.55115023628,958.9284772519022,5more,4,FALSE,low,2
40751.68920797296,851.3857398065738,5more,4,FALSE,med,48
46531.41495306045,928.5234223934822,5more,4,FALSE,high,45
44731.409115483984,922.457929875236,5more,4,TRUE,low,12
42101.67357348837,776.7702233395539,5more,4,TRUE,med,49
41245.50958164036,767.4260199419223,5more,4,TRUE,high,99
44006.23096851632,871.6495364205912,5more,4,TRUE,low,16
41970.87031789124,990.50537426956,5more,4,TRUE,med,41
39574.83800826594,911.1922176671214,5more,4,TRUE,high,92
36195.6578574609,971.7393494793214,5more,more,FALSE,low,13
40796.28943698481,964.0647164196708,5more,more,FALSE,med,50
46712.186955846846,825.7036915165372,5more,more,FALSE,high,34
38735.42261659168,922.2861018497496,5more,more,TRUE,low,23
42921.248151687905,909.245332761202,5more,more,TRUE,med,49
48831.41365717165,760.5669051408768,5more,more,TRUE,high,79
38561.283458257094,838.4180748835206,5more,more,TRUE,low,12
47934.50309662148,976.4147648820654,5more,more,TRUE,med,35
42071.28024077974,797.1834026393481,5more,more,TRUE,high,93
44208.16435362212,555.7226981618442,2,2,FALSE,low,9
48596.96014318615,667.0250266906805,2,2,FALSE,med,6
44233.84901951067,563.4347212035209,2,2,FALSE,high,2
47498.11508343555,515.7626488362439,2,2,TRUE,low,3
41784.04544247314,618.8188496162184,2,2,TRUE,med,18
48832.98320346512,501.67715846328065,2,2,TRUE,high,14
35953.46165820956,563.9672137913294,2,2,TRUE,low,2
46929.489087779075,679.9697660608217,2,2,TRUE,med,18
44918.59802394174,541.9137359131128,2,2,TRUE,high,19
38808.314950438216,658.1092514097691,2,4,FALSE,low,7
45170.10075156577,532.7160154702142,2,4,FALSE,med,46
48224.91467464715,570.262189663481,2,4,FALSE,high,73
45250.36363163963,649.140078574419,2,4,TRUE,low,2
40463.6243917048,649.960485403426,2,4,TRUE,med,50
47897.00235705823,673.0526575120166,2,4,TRUE,high,71
45439.78015310131,597.6708821253851,2,4,TRUE,low,7
43574.89834656008,673.2430405099876,2,4,TRUE,med,52
36082.47474883683,521.9693453400396,2,4,TRUE,high,88
47319.2036151886,674.4075613678433,2,more,FALSE,low,2
42561.228800332174,708.0583444330841,2,more,FALSE,med,25
44472.981510916725,530.2811264409684,2,more,FALSE,high,15
41595.45017988421,650.7574983406812,2,more,TRUE,low,12
40668.17440092563,720.241563511081,2,more,TRUE,med,28
47732.59770707227,591.4441929780878,2,more,TRUE,high,69
49326.7354008276,502.14481027796865,2,more,TRUE,low,9
44474.95879838243,687.407795805484,2,more,TRUE,med,55
49665.69670825265,709.6167126437649,2,more,TRUE,high,86
45026.62804326974,743.8568677171133,3,2,FALSE,low,24
41924.90670597181,615.7190439407714,3,2,FALSE,med,22
39891.74289628863,569.4541941047646,3,2,FALSE,high,4
44923.34543960169,587.0401377906092,3,2,TRUE,low,25
39172.587995417416,748.517436964903,3,2,TRUE,med,6
38940.22671272978,748.1398716336116,3,2,TRUE,high,17
38025.142073165625,623.5465023783036,3,2,TRUE,low,2
42988.96946245805,633.1156747764908,3,2,TRUE,med,2
47575.84028993733,694.0312832593918,3,2,TRUE,high,8
48651.511950884014,713.7756078736857,3,4,FALSE,low,11
37379.14852332324,713.0452455021441,3,4,FALSE,med,49
46739.79212180711,548.758226505015,3,4,FALSE,high,75
41080.87184140459,656.3353223609738,3,4,TRUE,low,13
49200.787879526615,605.3915498778224,3,4,TRUE,med,39
35311.369203263894,635.9410650329664,3,4,TRUE,high,70
40828.43352225609,651.9048849586397,3,4,TRUE,low,12
35908.5372381378,560.1194805349223,3,4,TRUE,med,55
43656.28512809053,528.0722860479727,3,4,TRUE,high,79
44563.76063055359,722.0963551662862,3,more,FALSE,low,2
44079.96943453327,570.1810087193735,3,more,FALSE,med,37
42962.47557969764,523.7172377528623,3,more,FALSE,high,58
41363.20813326165,522.6338719949126,3,more,TRUE,low,7
41448.258840246126,718.1175272562541,3,more,TRUE,med,69
41503.41777014546,739.146955194883,3,more,TRUE,high,76
44372.87129694596,573.8153317361139,3,more,TRUE,low,12
39009.6716536209,604.4995672418736,3,more,TRUE,med,73
36800.55386736058,573.0332364910282,3,more,TRUE,high,84
39527.38678664901,683.5918480646797,4,2,FALSE,low,6
44737.39110166207,512.1052350150421,4,2,FALSE,med,1
49334.82552645728,566.9560974347405,4,2,FALSE,high,1
39274.2280010134,686.7921270895749,4,2,TRUE,low,22
37592.30250376277,560.5436630430631,4,2,TRUE,med,13
42297.29368118569,563.5079179774038,4,2,TRUE,high,12
39034.76318460889,541.0501438891515,4,2,TRUE,low,25
45795.74468894862,620.3685897053219,4,2,TRUE,med,13
48527.19580987468,726.1910362867638,4,2,TRUE,high,12
46816.18953356519,606.5502451965585,4,4,FALSE,low,25
43112.30646446347,630.3707651677541,4,4,FALSE,med,46
39527.97826263122,709.5679401536472,4,4,FALSE,high,58
40767.48667866923,644.7602217667736,4,4,TRUE,low,13
38886.62110664882,599.2232647840865,4,4,TRUE,med,73
36562.67610145733,526.0922557790764,4,4,TRUE,high,83
46988.714358303696,533.3915642695501,4,4,TRUE,low,6
48115.759381325915,719.4077192107216,4,4,TRUE,med,55
35586.35986759327,500.6291141035035,4,4,TRUE,high,91
46183.02775546909,610.6183102820069,4,more,FALSE,low,13
44036.84466495179,749.3752927402966,4,more,FALSE,med,33
35149.534336524084,741.9897966319695,4,more,FALSE,high,62
48460.11253306642,739.0752835781313,4,more,TRUE,low,6
39029.05970113352,560.0657109171152,4,more,TRUE,med,60
37571.54751452617,523.5428272862919,4,more,TRUE,high,79
46731.15529702045,514.7602603537962,4,more,TRUE,low,14
35325.17619198188,521.4541297173128,4,more,TRUE,med,55
41838.41561782174,542.2497481922619,4,more,TRUE,high,99
45336.966356262565,676.6467308625579,5more,2,FALSE,low,13
44329.52262926847,609.4256203505211,5more,2,FALSE,med,4
35202.88166124374,527.6002729078755,5more,2,FALSE,high,8
43210.67728335038,628.0452868086286,5more,2,TRUE,low,25
40760.37215068936,526.550707698334,5more,2,TRUE,med,14
45994.07082423568,571.0381657700054,5more,2,TRUE,high,7
41028.85075029917,544.0023302799091,5more,2,TRUE,low,2
37284.23355612904,660.2715822518803,5more,2,TRUE,med,8
36759.94244636968,576.4645883464254,5more,2,TRUE,high,7
36517.634401097894,502.5803247699514,5more,4,FALSE,low,3
43899.2362190038,691.1334391916171,5more,4,FALSE,med,28
44219.02929781936,551.4909198391251,5more,4,FALSE,high,51
42389.63196752593,596.6862380737439,5more,4,TRUE,low,3
38800.86128367111,555.021261156071,5more,4,TRUE,med,51
35039.695034502074,586.3722584326752,5more,4,TRUE,high,88
45612.08316124976,500.7514749886468,5more,4,TRUE,low,4
47333.764074137434,576.6731601324864,5more,4,TRUE,med,75
49382.04584061168,708.3950668456964,5more,4,TRUE,high,80
35632.665146840736,531.3967153197154,5more,more,FALSE,low,25
42906.830282881856,650.074970908463,5more,more,FALSE,med,39
42451.03813242167,707.4260403169319,5more,more,FALSE,high,69
41169.49131828733,722.5986541598104,5more,more,TRUE,low,2
47059.709277236834,645.576398645062,5more,more,TRUE,med,66
46441.195835359395,644.5895895012654,5more,more,TRUE,high,98
40487.650509458035,702.9326288611628,5more,more,TRUE,low,22
37771.40234829858,593.4201065101661,5more,more,TRUE,med,67
37096.28670010716,673.1596607132815,5more,more,TRUE,high,84
43638.37136654183,434.0944486553781,2,2,FALSE,low,8
43259.61531489156,364.1756493714638,2,2,FALSE,med,16
35778.05218053982,417.5094840466045,2,2,FALSE,high,23
42304.817602271214,434.29246759042144,2,2,TRUE,low,7
39120.569062652066,468.7365751364269,2,2,TRUE,med,15
44672.628092812374,486.2569578341208,2,2,TRUE,high,10
35625.38286554627,488.6988624697551,2,2,TRUE,low,23
40081.95733302273,471.8946473207325,2,2,TRUE,med,4
41869.27994014695,390.26823912281543,2,2,TRUE,high,23
39507.894216803834,375.11540160048753,2,4,FALSE,low,20
37063.13569331542,406.1541243339889,2,4,FALSE,med,32
46486.276333453134,389.71423807088286,2,4,FALSE,high,67
35947.70240713842,395.2973632141948,2,4,TRUE,low,23
39519.16931546293,399.50174861587584,2,4,TRUE,med,37
46413.331783842295,484.3290565069765,2,4,TRUE,high,54
41472.99198899418,421.96677912725136,2,4,TRUE,low,9
40419.181424658746,410.45225196285173,2,4,TRUE,med,63
41709.025617456064,371.1607142467983,2,4,TRUE,high,82
36069.927542703226,387.2969973599538,2,more,FALSE,low,19
47588.52569269948,461.1960011650808,2,more,FALSE,med,17
49600.460939109325,451.6576310270466,2,more,FALSE,high,24
37827.63086492196,373.86109470389783,2,more,TRUE,low,24
49841.76077065058,466.85598217882216,2,more,TRUE,med,49
44324.24303959124,438.21261402918026,2,more,TRUE,high,61
42513.56334076263,397.922452003695,2,more,TRUE,low,24
48741.710648173466,385.4300034814514,2,more,TRUE,med,75
42000.26708771475,395.8358716103248,2,more,TRUE,high,79
42795.51093233749,460.0862779770978,3,2,FALSE,low,7
41562.59365030565,385.5745876790024,3,2,FALSE,med,18
39415.06856121123,498.37746837874874,3,2,FALSE,high,24
46110.634710639715,459.7171357134357,3,2,TRUE,low,13
47524.33608984575,458.63057078095153,3,2,TRUE,med,13
38342.58574293926,393.89839242212474,3,2,TRUE,high,10
42160.80861282535,460.99763301899657,3,2,TRUE,low,9
46976.33991367184,351.4057791326195,3,2,TRUE,med,4
48327.69978442229,434.8510159295984,3,2,TRUE,high,5
48811.08602974564,453.8522203103639,3,4,FALSE,low,1
45408.224903512746,487.6371107297018,3,4,FALSE,med,31
48668.99753338657,382.21278719138354,3,4,FALSE,high,62
38847.238175803795,473.88569322647527,3,4,TRUE,low,6
46695.32437226735,366.11058018170297,3,4,TRUE,med,34
40893.50871858187,424.8408129205927,3,4,TRUE,high,63
36559.383700368926,377.0004139863886,3,4,TRUE,low,14
36319.627029588446,424.0545736742206,3,4,TRUE,med,74
39034.23424810171,447.1008191118017,3,4,TRUE,high,99
46766.39881450683,368.86108613107353,3,more,FALSE,low,11
44488.819543039426,404.1537385433912,3,more,FALSE,med,46
44107.63302934356,434.8039127071388,3,more,FALSE,high,66
35222.593906801194,403.52703583193943,3,more,TRUE,low,10
44047.76214971207,452.69352176692337,3,more,TRUE,med,73
44723.682125331834,419.8789272340946,3,more,TRUE,high,91
48255.04906591959,484.4779577339068,3,more,TRUE,low,9
41525.02866345458,459.4973371713422,3,more,TRUE,med,52
35061.28365988843,379.02194515336305,3,more,TRUE,high,98
49971.006092382595,467.3945940565318,4,2,FALSE,low,21
48946.34599913843,399.8356884927489,4,2,FALSE,med,13
42138.18061049096,397.35530400648713,4,2,FALSE,high,13
39047.57267795503,387.5129832187667,4,2,TRUE,low,4
39228.860003640875,444.63874880457297,4,2,TRUE,med,9
36729.48306775652,362.6507295877673,4,2,TRUE,high,11
40911.694776732475,350.1388932345435,4,2,TRUE,low,1
48004.58476878703,434.1951652197167,4,2,TRUE,med,23
37064.32479550131,416.14875310333446,4,2,TRUE,high,24
49708.1210964825,403.43576654559,4,4,FALSE,low,5
49165.40024569258,354.2661218903959,4,4,FALSE,med,40
40166.48534452543,390.9201847389341,4,4,FALSE,high,58
42350.3901285585,442.58139436133206,4,4,TRUE,low,12
42975.97124008462,447.9020962608047,4,4,TRUE,med,67
47559.86550706439,498.0147193418816,4,4,TRUE,high,91
49213.60766864382,466.6964741772972,4,4,TRUE,low,11
49348.26222364791,370.87148543214425,4,4,TRUE,med,51
39062.792104668915,443.14398393034935,4,4,TRUE,high,87
45331.915229326114,350.99525013938546,4,more,FALSE,low,22
36205.059356288984,352.59910677559674,4,more,FALSE,med,47
46269.87196970731,475.7797451457009,4,more,FALSE,high,73
38110.334773082286,459.4879407435656,4,more,TRUE,low,9
48391.29505446181,471.7390369041823,4,more,TRUE,med,52
44242.578223347664,407.4929683818482,4,more,TRUE,high,95
38219.275975134224,368.4733626199886,4,more,TRUE,low,6
37170.59058137238,355.86889010155573,4,more,TRUE,med,71
48487.91950731538,388.0591070977971,4,more,TRUE,high,80
40196.41854218207,412.8231837414205,5more,2,FALSE,low,5
42137.33834447339,456.2355367350392,5more,2,FALSE,med,11
45506.01569819264,370.81720335409045,5more,2,FALSE,high,6
45014.681693864986,435.9784570289776,5more,2,TRUE,low,23
37998.372544534504,358.7141844793223,5more,2,TRUE,med,22
44510.68248366937,417.66062806127593,5more,2,TRUE,high,20
35103.749164845794,443.9310890622437,5more,2,TRUE,low,15
38843.28199434094,383.4926700685173,5more,2,TRUE,med,12
47225.752068916336,413.5241072275676,5more,2,TRUE,high,6
45281.12266329117,441.17266196990386,5more,4,FALSE,low,18
45048.05697244592,408.6728179594502,5more,4,FALSE,med,39
47903.30920834094,473.2829583925195,5more,4,FALSE,high,52
35439.95585408993,410.676884977147,5more,4,TRUE,low,12
48479.044259293005,412.0149753522128,5more,4,TRUE,med,51
41284.916697768494,366.37968013528734,5more,4,TRUE,high,92
47118.2127262,481.5184897859581,5more,4,TRUE,low,18
35444.177808240056,498.8264795276336,5more,4,TRUE,med,62
44825.58301766403,397.59344910271466,5more,4,TRUE,high,84
38169.28431740962,491.73041192116216,5more,more,FALSE,low,17
42832.648906623945,461.4267599536106,5more,more,FALSE,med,39
44215.69962520152,475.2469496103003,5more,more,FALSE,high,54
49873.54678451083,422.44755699066445,5more,more,TRUE,low,11
38673.667492112145,387.7901619300246,5more,more,TRUE,med,54
49014.790133805946,433.8971906225197,5more,more,TRUE,high,83
44610.025089932606,362.902699271217,5more,more,TRUE,low,4
41641.64103218354,443.2799472007901,5more,more,TRUE,med,65
47587.17309450731,480.4492310038768,5more,more,TRUE,high,98
